title,"Календари с фото онлайн. Фотокалендари – печать на заказ ${setText(w9s, ' в Москве ')}. Настенные календари с фотографиями. Цены. Изготовление.",,,,,,,,,,,,,,
description,"Настенные и настольные перекидные календари с Вашими фотографиями на заказ ${setText(w9s, ' в Москве ')}. Фотокалендари домики онлайн – изготовление и печать. Недорогие цены. Бесплатные шаблоны и дизайн с Вашими фото. Удобный онлайн редактор для создания календарей. Гибкая календарная сетка. Быстрое выполнение заказа и доставка по России.",,,,,,,,,,,,,,
CEO,"Индивидуальный календарь с любимыми фотографиями – это оригинальный и недорогой подарок для родителей, бабушек и дедушек к Новому году и Рождеству ${setText(w9s, ' в Москве ')}.  На нашем сайте Вы можете заказать настенные и настольные календари домики, перекидные календари с Вашими фотографиями, индивидуальные фотокалендари и одностраничные календари. Мы подготовили бесплатные шаблоны, красивые темы оформления и фоны, чтобы Вы могли быстро и просто создать календарь по душе. При помощи удобного онлайн редактора можно создать календарь за несколько минут и тогда из категории формальной картинки с датами, он перейдет в любимое украшение стены на целый год. На календарной сетке разными стикерами можно выделить Дни рождения родственников и друзей, а также другие значимые для Вас даты. Также Вы можете купить готовые календари для украшения стен в интерьере своего дома в разделе сайта «Магазин». Печать календарей на заказ осуществляется на собственном производстве ${setText(w9s, ' в Москве ')}, поэтому у нас низкие цены. Заказать календарь можно онлайн в режиме 24/7 и быстро распечатать от одного экземпляра. Срок изготовления 1-2 дня. Быстрая доставка по всей России и ${setText(w9s, ' в Москве ')} в удобной упаковке.",,,,,,,,,,,,,,
купить,1,детский,0,фотоальбом_фотоальбомы/альбом_альбомы,на выпускной,0,на заказ,0,для фото,0,оформление на выпускной,0,0,Z/Москва/спб/Екатеринбург/Новосибирск,"красивые обложки, детские шаблоны, фоны для выпускных фотографий"
сделать,1,выпускной,0,фотоальбом_фотоальбомы/альбом_альбомы,в детский сад,0,в интернете,0,своими руками,0,идеи для детского сада,0,0,Z/Москва/спб/Екатеринбург/Новосибирск,"страницы, шаблоны на выпускной, редактор"
скачать,1,школьный,0,фотоальбом_фотоальбомы/альбом_альбомы,класса,0,в интернет магазине,0,с фотографиями,0,создание для класса,0,0,Z/Москва/спб/Екатеринбург/Новосибирск,"надписи к фото, стихи, школьные цитаты"
заказать,1,скрапбукинг,0,фотоальбом_фотоальбомы/альбом_альбомы,скрапбукинг,0,онлайн,0,для фото,0,изготовление,0,0,Z/Москва/спб/Екатеринбург/Новосибирск/Санкт-Петербург/Воронеж/Краснодар/Нижний Новгород/Самара/Тюмень/Уфа/Ярославль/,"программа, онлайн-редактор"
создать,1,Z,0,фотоальбом_фотоальбомы/альбом_альбомы,лета,0,ручной работы,0,дешево,0,"оформление для печати, летние темы",0,0,Z/Москва/спб/Екатеринбург/Новосибирск/Санкт-Петербург/Воронеж/Краснодар/Нижний Новгород/Самара/Тюмень/Уфа/Ярославль/,"размеры, шаблоны"
купить в магазине,1,магнитный,0,фотоальбом_фотоальбомы/альбом_альбомы,года,0,в интернете,0,для фото,0,высокое качество,0,0,Z/Москва/спб/Екатеринбург/Новосибирск/Санкт-Петербург/Воронеж/Краснодар/Нижний Новгород/Самара/Тюмень/Уфа/Ярославль/,"разные шаблоны, примеры оформления, магнитные страницы"
оформить,1,новорожденный,0,фотоальбом_фотоальбомы/альбом_альбомы,первого года,0,на сайте,0,10х15,0,мастер-классы для первого года,0,0,Z/Москва/спб/Екатеринбург/Новосибирск/Санкт-Петербург/Воронеж/Краснодар/Нижний Новгород/Самара/Тюмень/Уфа/Ярославль/,"фона, надписи, стихи для новорожденного"
сделать,1,красивый,0,фотоальбом_фотоальбомы/альбом_альбомы,на выпускной в детский сад,0,своими руками пошагово,0,как книга,0,красивое оформление своими руками в детский сад,0,0,Z/Москва/спб/Екатеринбург/Новосибирск/Санкт-Петербург/Воронеж/Краснодар/Нижний Новгород/Самара/Тюмень/Уфа/Ярославль/,"качественная бумага, твердый переплет в виде книги"
сделать своими руками,1,дорогой,0,фотоальбом_фотоальбомы/альбом_альбомы,выпускника,0,онлайн,0,на 200 фото,0,идеи оформления,0,0,Z/Москва/спб/Екатеринбург/Новосибирск/Санкт-Петербург/Воронеж/Краснодар/Нижний Новгород/Самара/Тюмень/Уфа/Ярославль/,"названия, подписи, стихи для выпускника"
оформить,1,первый,0,фотоальбом_фотоальбомы/альбом_альбомы,для новорожденного,0,на заказ,0,на 500 фотографий,0,идеи оформления своими руками для новорожденного,0,0,Z/Москва/спб/Екатеринбург/Новосибирск/Санкт-Петербург/Воронеж/Краснодар/Нижний Новгород/Самара/Тюмень/Уфа/Ярославль/,"первые подписи, тексты, заголовки"
смотреть,1,частный,0,фотоальбом_фотоальбомы/альбом_альбомы,Z,0,на компьютере,0,недорого,0,примеры оформления,0,0,Z/Москва/спб/Екатеринбург/Новосибирск/Санкт-Петербург/Воронеж/Краснодар/Нижний Новгород/Самара/Тюмень/Уфа/Ярославль/,"тексты, стихи, заголовки"
напечатать,1,семейный,0,фотоальбом_фотоальбомы/альбом_альбомы,на юбилей,0,своими руками,0,самому,0,"поздравления на юбилей, цены",0,0,Z/Москва/спб/Екатеринбург/Новосибирск/Санкт-Петербург/Воронеж/Краснодар/Нижний Новгород/Самара/Тюмень/Уфа/Ярославль/,"дизайн, фоны, рамки, стикеры для юбилея"
распечатать,1,школьный,0,фотоальбом_фотоальбомы/альбом_альбомы,ребенка,0,на заказ,0,Z,0,школьные темы оформления для ребенка,0,0,Z/Москва/спб/Екатеринбург/Новосибирск/Санкт-Петербург/Воронеж/Краснодар/Нижний Новгород/Самара/Тюмень/Уфа/Ярославль/,"примеры, образцы работ на заказ для ребенка"
загрузить,1,большой,0,фотоальбом_фотоальбомы/альбом_альбомы,для школы,0,своими руками пошагово для начинающих,0,для фото,0,стиль и идеи оформления своими руками для школы,0,0,Z/Москва/спб/Екатеринбург/Новосибирск/Санкт-Петербург/Воронеж/Краснодар/Нижний Новгород/Самара/Тюмень/Уфа/Ярославль/,"большие форматы, шаблоны, надписи для школы"
посмотреть,1,белый,0,фотоальбом_фотоальбомы/альбом_альбомы,для девушки,0,в подарок,0,на 500 фото,0,изготовление на заказ для девушки,0,0,Z/Москва/спб/Екатеринбург/Новосибирск/Санкт-Петербург/Воронеж/Краснодар/Нижний Новгород/Самара/Тюмень/Уфа/Ярославль/,"образцы, примеры работ, большая галерея"
изготовить,1,школьный,0,фотоальбом_фотоальбомы/альбом_альбомы,4 класс,0,на память,0,для фотографий 10х15,0,"проекты, примеры дизайна для 4 класса",0,0,Z/Москва/спб/Екатеринбург/Новосибирск/Санкт-Петербург/Воронеж/Краснодар/Нижний Новгород/Самара/Тюмень/Уфа/Ярославль/,"поздравления, подписи, красивые обложки для школьников"
сделать на заказ,1,свадебный,0,фотоальбом_фотоальбомы/альбом_альбомы,на свадьбу,0,в магазине,0,с подписями,0,"свадебные темы, изготовление молодоженам",0,0,Z/Москва/спб/Екатеринбург/Новосибирск/Санкт-Петербург/Воронеж/Краснодар/Нижний Новгород/Самара/Тюмень/Уфа/Ярославль/,мягкая и твердая обложки
создать онлайн,1,новогодний,0,фотоальбом_фотоальбомы/альбом_альбомы,для девочки,0,2021,0,на 600 фото,0,"мастер-класс своими руками, новогодние темы для девочки",0,0,Z/Москва/спб/Екатеринбург/Новосибирск/Санкт-Петербург/Воронеж/Краснодар/Нижний Новгород/Самара/Тюмень/Уфа/Ярославль/,мягкая и твердая обложки
посмотреть,1,хороший,0,фотоальбом_фотоальбомы/альбом_альбомы,9 класс,0,виды,0,на 300 фото,0,виды оформления страниц для 9 класса,0,0,Z/Москва/спб/Екатеринбург/Новосибирск/Санкт-Петербург/Воронеж/Краснодар/Нижний Новгород/Самара/Тюмень/Уфа/Ярославль/,хороший редактор для создания
создать и напечатать,1,бумажный,0,фотоальбом_фотоальбомы/альбом_альбомы,первого года,0,А4,0,в книжном переплете,0,мастер-класс для начинающих первого года,0,0,Z/Москва/спб/Екатеринбург/Новосибирск/Санкт-Петербург/Воронеж/Краснодар/Нижний Новгород/Самара/Тюмень/Уфа/Ярославль/,"стихи, надписи, цитаты, бумажные страницы"
купить А4,1,индивидуальный,0,фотоальбом_фотоальбомы/альбом_альбомы,11 класс,0,на кольцах,0,с текстом,0,"оформление внутри, индивидуальный дизайн для 11 класса",0,0,Z/Москва/спб/Екатеринбург/Новосибирск/Санкт-Петербург/Воронеж/Краснодар/Нижний Новгород/Самара/Тюмень/Уфа/Ярославль/,"конструктор, онлайн редактор с текстом"
сделать пошагово для начинающих,1,детский,0,фотоальбом_фотоальбомы/альбом_альбомы,малыша,0,онлайн бесплатно,0,в коробке,0,"оформление листов, детские темы",0,0,Z/Москва/спб/Екатеринбург/Новосибирск/Санкт-Петербург/Воронеж/Краснодар/Нижний Новгород/Самара/Тюмень/Уфа/Ярославль/,"заголовоки, стихи, подписи к фотографиям малыша"
купить недорого в интернете,1,подарочный,0,фотоальбом_фотоальбомы/альбом_альбомы,для женщины,0,жизни,0,для снимков,0,"оформление внутри своими руками, подарочные темы для женщин",0,0,Z/Москва/спб/Екатеринбург/Новосибирск/Санкт-Петербург/Воронеж/Краснодар/Нижний Новгород/Самара/Тюмень/Уфа/Ярославль/,"слова, фразы, надписи для снимков"
купить формата А4,1,школьный,0,фотоальбом_фотоальбомы/альбом_альбомы,выпускника детского сада,0,своими руками пошагово,0,как презентация,0,изготовление для выпускников в виде презентации,0,0,Z/Москва/спб/Екатеринбург/Новосибирск/Санкт-Петербург/Воронеж/Краснодар/Нижний Новгород/Самара/Тюмень/Уфа/Ярославль/,"промокоды, акции, скидки для детского сада"
оформить,1,военный,0,фотоальбом_фотоальбомы/альбом_альбомы,1941 - 1945,0,жизни,0,описание,0,"красивое оформление, военные темы жизни",0,0,Z/Москва/спб/Екатеринбург/Новосибирск/Санкт-Петербург/Воронеж/Краснодар/Нижний Новгород/Самара/Тюмень/Уфа/Ярославль/,онлайн редактор
оформить,1,личный,0,фотоальбом_фотоальбомы/альбом_альбомы,для мальчика,0,для начинающих,0,с записями,0,личное оформление обложки для начинающих,0,0,Z/Москва/спб/Екатеринбург/Новосибирск/Санкт-Петербург/Воронеж/Краснодар/Нижний Новгород/Самара/Тюмень/Уфа/Ярославль/,"фоторедактор, программа редактирования"
создать,1,именной,0,фотоальбом_фотоальбомы/альбом_альбомы,семьи,0,отзывы,0,на 10 фото,0,"оформление надписями, именные отзывы для семьи",0,0,Z/Москва/спб/Екатеринбург/Новосибирск/Санкт-Петербург/Воронеж/Краснодар/Нижний Новгород/Самара/Тюмень/Уфа/Ярославль/,программа для создания
сделать,1,маленький,0,фотоальбом_фотоальбомы/альбом_альбомы,на рождение,0,своими руками,0,в виде книги,0,варианты оформления своими руками на рождение,0,0,Z/Москва/спб/Екатеринбург/Новосибирск/Санкт-Петербург/Воронеж/Краснодар/Нижний Новгород/Самара/Тюмень/Уфа/Ярославль/,мир фотографий в виде книги
сделать пошагово для начинающих,1,первый для новорожденного,0,фотоальбом_фотоальбомы/альбом_альбомы,скрапбукинг своими руками,0,с фото своими руками,0,20 листов,0,мастер-класс по изготовлению,0,0,Z/Москва/спб/Екатеринбург/Новосибирск/Санкт-Петербург/Воронеж/Краснодар/Нижний Новгород/Самара/Тюмень/Уфа/Ярославль/,"форматы, шаблоны для фотоблоков для новорожденного"
изготовить,1,памятный,0,фотоальбом_фотоальбомы/альбом_альбомы,на выпускной 11 класс,0,в наборе,0,в виде книги,0,"описание, памятное оформление на выпускной 11 класса",0,0,Z/Москва/спб/Екатеринбург/Новосибирск/Санкт-Петербург/Воронеж/Краснодар/Нижний Новгород/Самара/Тюмень/Уфа/Ярославль/,форматы фотографий
сделать,1,школьный,0,фотоальбом_фотоальбомы/альбом_альбомы,на выпускной 9 класс,0,в виде серии,0,на 300 фотографий,0,школьные поздравления на выпускной 9 класса,0,0,Z/Москва/спб/Екатеринбург/Новосибирск/Санкт-Петербург/Воронеж/Краснодар/Нижний Новгород/Самара/Тюмень/Уфа/Ярославль/,"размеры фото, разные форматы для школы"
оформить,1,армейский,0,фотоальбом_фотоальбомы/альбом_альбомы,на тему армия,0,Z,0,на 10 фотографий,0,оформление бесплатно,0,0,Z/Москва/спб/Екатеринбург/Новосибирск/Санкт-Петербург/Воронеж/Краснодар/Нижний Новгород/Самара/Тюмень/Уфа/Ярославль/,"размеры фотографий, блоки, шаблоны"
оформить,1,мини,0,фотоальбом_фотоальбомы/альбом_альбомы,image art,0,с телефона,0,на 1000 фотографий,0,"загрузка фото с телефона, оформление image art",0,0,Z/Москва/спб/Екатеринбург/Новосибирск/Санкт-Петербург/Воронеж/Краснодар/Нижний Новгород/Самара/Тюмень/Уфа/Ярославль/,"стандарные и нестандартные размеры, мини форматы"
купить,1,оригинальный,0,фотоальбом_фотоальбомы/альбом_альбомы,на день рождения,0,на официальном сайте,0,на 200 фотографий,0,оригинальный дизайн для Дня рождения,0,0,Z/Москва/спб/Екатеринбург/Новосибирск/Санкт-Петербург/Воронеж/Краснодар/Нижний Новгород/Самара/Тюмень/Уфа/Ярославль/,"виды, форматы, переплеты"
купить,1,классический,0,фотоальбом_фотоальбомы/альбом_альбомы,первого года жизни,0,заказ в виде книги,0,на 600 фотографий,0,классические темы для первого года жизни,0,0,Z/Москва/спб/Екатеринбург/Новосибирск/Санкт-Петербург/Воронеж/Краснодар/Нижний Новгород/Самара/Тюмень/Уфа/Ярославль/,"блоки, твердый и мягкий переплеты для книги с фотографиями"
скачать бесплатно,1,цифровой,0,фотоальбом_фотоальбомы/альбом_альбомы,Z,0,ru,0,на 400 фото,0,"изготовление на заказ, цифровой формат",0,0,Z/Москва/спб/Екатеринбург/Новосибирск/Санкт-Петербург/Воронеж/Краснодар/Нижний Новгород/Самара/Тюмень/Уфа/Ярославль/,бесплатные программы на русском
заказать,1,именной на заказ,0,фотоальбом_фотоальбомы/альбом_альбомы,для любимой,0,с темой любовь,0,на 100 фото,0,именное оформление на заказ,0,0,Z/Москва/спб/Екатеринбург/Новосибирск/Санкт-Петербург/Воронеж/Краснодар/Нижний Новгород/Самара/Тюмень/Уфа/Ярославль/,"переплеты, размеры, обложки для любимой"
сделать,1,памятный на заказ,0,фотоальбом_фотоальбомы/альбом_альбомы,для мужчины,0,самостоятельно на компьютере,0,на 36 фото,0,арт оформление для мужчины,0,0,Z/Москва/спб/Екатеринбург/Новосибирск,памятные развороты
создать,1,прикольный,0,фотоальбом_фотоальбомы/альбом_альбомы,индивидуальный выпускников детского сада,0,пошагово,0,на 400 фотографий,0,"печать разноформатных фотографий, прикольные темы",0,0,Z/Москва/спб/Екатеринбург/Новосибирск,каталог примеров работ для выпускников детского сада
заказать,1,женский,0,фотоальбом_фотоальбомы/альбом_альбомы,для подруги,0,на официальном сайте,0,20 фото,0,"печать в типографии, женские темы для подруги",0,0,Z/Москва/спб/Екатеринбург/Новосибирск,стандартные размеры
создать онлайн,1,морской,0,фотоальбом_фотоальбомы/альбом_альбомы,путешествия,0,бесплатно,0,с морской темой,0,оформление путешествия,0,0,Z/Москва/спб/Екатеринбург/Новосибирск,"шаблоны, блоки, стикеры бесплатно"
купить недорого,1,стильный,0,фотоальбом_фотоальбомы/альбом_альбомы,для новорожденного первый год,0,с записями,0,на 100 фотографий,0,идеи стильного оформления для печати,0,0,Z/Москва/спб/Екатеринбург/Новосибирск,"обложки, страницы, проекты первого года новорожденного"
купить,1,красивый,0,фотоальбом_фотоальбомы/альбом_альбомы,цветов,0,в подарок,0,на 20 фотографий,0,"красивый дизайн, оформление в подарок",0,0,Z/Москва/спб/Екатеринбург/Новосибирск,"темы природы, цветов, времен года"
сделать,1,свадебный,0,фотоальбом_фотоальбомы/альбом_альбомы,скрапбукинг пошагово,0,своими руками пошагово с фото,0,на 50 фотографий,0,свадебное оформление своими руками,0,0,Z/Москва/спб/Екатеринбург/Новосибирск,заготовки для оформления
скачать,1,электронный,0,фотоальбом_фотоальбомы/альбом_альбомы,начальная школа,0,бесплатно,0,самостоятельно,0,"примеры, просмотр электронных вариантов",0,0,Z/Москва/спб/Екатеринбург/Новосибирск,проекты работ для начальной школы
заказать,1,юбилейный,0,фотоальбом_фотоальбомы/альбом_альбомы,родителям,0,недорого в интернете,0,быстро,0,варианты юбилейного оформления,0,0,Z/Москва/спб/Екатеринбург/Новосибирск,тексты на русском языке для родителей
купить недорого,1,семейный,0,фотоальбом_фотоальбомы/альбом_альбомы,для старых фотографий,0,на заказ,0,хорошего качества,0,печать в типографии старых фотографий,0,0,Z/Москва/спб/Екатеринбург/Новосибирск,удобный онлайн сервис
купить,1,готовый,0,фотоальбом_фотоальбомы/альбом_альбомы,для больших фотографий,0,в интернет-магазине,0,Z,0,примеры оформления больших фото,0,0,Z/Москва/спб/Екатеринбург/Новосибирск,готовые подписи к фотографиям
купить,1,первый,0,фотоальбом_фотоальбомы/альбом_альбомы,1 год,0,один из серии,0,срочно,0,срочное изготовление,0,0,Z/Москва/спб/Екатеринбург/Новосибирск,"первые стихи, надписи"
смотреть,1,смешной,0,фотоальбом_фотоальбомы/альбом_альбомы,детские годы,0,видео,0,30х30,0,смешные поздравления,0,0,Z/Москва/спб/Екатеринбург/Новосибирск,шаблоны страниц на тему детские годы
оформить,1,выпускной,0,фотоальбом_фотоальбомы/альбом_альбомы,школьные годы,0,в электронном виде,0,с разными форматами фотографий,0,оформление страниц школьные годы,0,0,Z/Москва/спб/Екатеринбург/Новосибирск,подписи к фотографиям на выпускной
найти,1,школьный,0,фотоальбом_фотоальбомы/альбом_альбомы,выпускника школы,0,на заказ,0,для фото,0,школьное оформление бесплатно,0,0,Z/Москва/спб/Екатеринбург/Новосибирск,галерея работ выпускников школы
создать,1,бумажный,0,фотоальбом_фотоальбомы/альбом_альбомы,для выпускника 4 класса,0,на выпуск,0,с бумажными страницами,0,создание в группе для выпускников 4 класса,0,0,Z/Москва/спб/Екатеринбург/Новосибирск,"картинки, стикеры, фоны"
сделать самому,1,выпускной,0,фотоальбом_фотоальбомы/альбом_альбомы,для выпускника 9 класса,0,из фотографий на заказ,0,дешево,0,"стоимость печати, оформление на выпускной",0,0,Z/Москва/спб/Екатеринбург/Новосибирск,рамки для фото для выпускников 9 класса
собрать,1,выпускной,0,фотоальбом_фотоальбомы/альбом_альбомы,для выпускника 11 класса,0,создание онлайн,0,для разных фото,0,оформление своими руками для выпускников 11 класса,0,0,Z/Москва/спб/Екатеринбург/Новосибирск,бесплатная программа для создания
составить,1,семейный,0,фотоальбом_фотоальбомы/альбом_альбомы,для семейных фото,0,бесплатно,0,своими руками,0,мастер-класс по оформлению семейных фотографий,0,0,Z/Москва/спб/Екатеринбург/Новосибирск,"цитаты, фразы, стихи"
заказать,1,домашний,0,фотоальбом_фотоальбомы/альбом_альбомы,крещение,0,в интернете,0,с кармашками,0,домашнее оформление страниц с темой крещение,0,0,Z/Москва/спб/Екатеринбург/Новосибирск,стоимость изготовления
сделать,1,домашний,0,фотоальбом_фотоальбомы/альбом_альбомы,для старых фото,0,в подарок,0,в стиле винтаж,0,идеи оформления старых фотографий,0,0,Z/Москва/спб/Екатеринбург/Новосибирск,"форзацы, рамки, стикеры для домашних тем"
сделать,1,розовый,0,фотоальбом_фотоальбомы/альбом_альбомы,для новорожденной девочки,0,самому,0,с картонными страницами,0,темы формления для новорожденной девочки,0,0,Z/Москва/спб/Екатеринбург/Новосибирск,"розовые страницы для девочки, нежные обложки"
создать и напечатать,1,детский,0,фотоальбом_фотоальбомы/альбом_альбомы,для новорожденного мальчика,0,на сайте,0,на 500 фотографий 10х15,0,темы дизайна для новорожденного мальчика,0,0,Z/Москва/спб/Екатеринбург/Новосибирск,"подложки под фото, рамочки, детские стикеры"
заказать,1,школьный,0,фотоальбом_фотоальбомы/альбом_альбомы,школьника,0,в интернет-магазине,0,на 30 листов,0,школьное оформление на заказ,0,0,Z/Москва/спб/Екатеринбург/Новосибирск,"переплет на пружине, на скрепке, книжный переплет"
заказать,1,черный,0,фотоальбом_фотоальбомы/альбом_альбомы,на 10 фото,0,почтой,0,на 50 листов,0,оформление в виде блокнота,0,0,Z/Москва/спб,"черные листы, красивые украшения"
оформить,1,книжный,0,фотоальбом_фотоальбомы/альбом_альбомы,на 20 фото,0,бесплатно,0,для фото,0,идеи оформления фотографий,0,0,Z/Москва/спб,"первая страница, обложки, книжный переплет"
создать,1,свадебный,0,фотоальбом_фотоальбомы/альбом_альбомы,на 36 фото,0,своими руками пошагово с фото,0,в стиле классика,0,свадебное оформление для печати,0,0,Z/Москва/спб/Екатеринбург/Новосибирск,"классический декор, рамки, фоны"
заказать,1,классический,0,фотоальбом_фотоальбомы/альбом_альбомы,семейных фотографий,0,недорого в интернете,0,в ретро стиле,0,оформление разноформатных семейных фотографий,0,0,Z/Москва/спб/Екатеринбург/Новосибирск,"классические фоторамки, украшения, фоны"
оформить,1,простой,0,фотоальбом_фотоальбомы/альбом_альбомы,скрапбукинг своими руками пошагово,0,бесплатно,0,для начинающих,0,идеи оформления для начинающих,0,0,Z/Москва/спб/Екатеринбург/Новосибирск,"украшения, простой онлайн редактор"
оформить онлайн,1,школьный,0,фотоальбом_фотоальбомы/альбом_альбомы,ученика,0,с фото своими руками,0,5 фото,0,примеры оформления для ученика,0,0,Z/Москва/спб/Екатеринбург/Новосибирск,стоимость
украсить,1,новорожденный,0,фотоальбом_фотоальбомы/альбом_альбомы,своими руками для мальчика,0,для начинающих,0,для детских фото,0,идеи оформления для новорожденного малыша,0,0,Z/Москва/спб/Екатеринбург/Новосибирск,"стикеры, фоторамки, подложки для мальчика"
купить,1,летний,0,фотоальбом_фотоальбомы/альбом_альбомы,на выпускной цена,0,в интернете,0,для наклеивания,0,изготовление на заказ с летними темами,0,0,Z/Москва/спб/Екатеринбург/Новосибирск,"тексты, заголовки, подписи к фото"
купить,1,классический,0,фотоальбом_фотоальбомы/альбом_альбомы,для больших фото,0,на официальном сайте,0,в переплете,0,изготовление больших фотографий,0,0,Z/Москва/спб/Екатеринбург/Новосибирск,"тематика, классические стили, рисунки"
посмотреть,1,тематический,0,фотоальбом_фотоальбомы/альбом_альбомы,для наклеивания фотографий,0,в интернете,0,с темой СССР,0,высокое качество печати тематических страниц,0,0,Z/Москва/спб/Екатеринбург/Новосибирск,крепление фотографий для наклеивания
создать,1,семейный,0,фотоальбом_фотоальбомы/альбом_альбомы,семьи своими руками,0,пошагово,0,для стандартного размера фотографий,0,"создание для печати, стандартные форматы",0,0,Z/Москва/спб/Екатеринбург/Новосибирск,"программа на русском языке, пошаговые инструкции"
украсить,1,первый,0,фотоальбом_фотоальбомы/альбом_альбомы,1 класс,0,для школы,0,20х30,0,первые темы оформление для 1 класса,0,0,Z/Москва/спб/Екатеринбург/Новосибирск,"хранение, упаковка, доставка для школы"
скачать,1,любительский,0,фотоальбом_фотоальбомы/альбом_альбомы,2 класс,0,в интернете,0,с перелыстыванием страниц,0,варианты оформления для 2 класса,0,0,Z/Москва/спб/Екатеринбург/Новосибирск,"схемы шаблонов, любительские темы"
купить,1,картонный,0,фотоальбом_фотоальбомы/альбом_альбомы,3 класс,0,онлайн,0,на 10 фотографий,0,изготовление для 3 класса на заказ,0,0,Z/Москва/спб/Екатеринбург/Новосибирск,"детские обложки, фона, стикеры"
создать,1,современный,0,фотоальбом_фотоальбомы/альбом_альбомы,5 класс,0,онлайн,0,на 400 фотографий 10х15,0,"бесплатное оформление, создание для 5 класса",0,0,Z/Москва/спб/Екатеринбург/Новосибирск,"овременные заставки, фоны, украшения страниц"
оформить онлайн,1,общий,0,фотоальбом_фотоальбомы/альбом_альбомы,6 класс,0,на сайте,0,на 100 фото 10х15,0,бесплатное оформление для 6 класса,0,0,Z/Москва/спб,"вырианты обложек, общих страниц, стикеров"
создать,1,новый,0,фотоальбом_фотоальбомы/альбом_альбомы,7 класс,0,наш класс,0,недорого,0,бесплатное оформление для 7 класса,0,0,Z/Москва/спб,"профессиональная верстка, новые шаблоны для школы"
оформить,1,красный,0,фотоальбом_фотоальбомы/альбом_альбомы,8 класс,0,самостоятельно,0,с записями,0,бесплатное самостоятельное оформление,0,0,Z/Москва/спб,"красные темы, фоны, стикеры для 10 класса"
создать в группе,1,совместный,0,фотоальбом_фотоальбомы/альбом_альбомы,10 класс,0,одноклассников,0,с темой осень,0,совместное создание для печати,0,0,Z/Москва/спб,варианты осеннего дизайна для одноклассников 10 класса
найти,1,открытый,0,фотоальбом_фотоальбомы/альбом_альбомы,2 года малыша,0,недорого в интернете,0,с темой космос,0,оформление для печати,0,0,Z/Москва/спб,"материалы, бумага, обложки на 2 года малыша"
посмотреть,1,распечатанный,0,фотоальбом_фотоальбомы/альбом_альбомы,3 года,0,в подарок,0,с фото,0,изготовление в подарок на 3 года на заказ,0,0,Z/Москва/спб,"распечатанные примеры, украшения, шаблоны"
сделать онлайн,1,необычный,0,фотоальбом_фотоальбомы/альбом_альбомы,4 года,0,онлайн,0,на 15 фотографий,0,необычные идеи дизайна,0,0,Z/Москва/спб,большой выбор идей на 4 года
создать,1,крафтовый,0,фотоальбом_фотоальбомы/альбом_альбомы,5 лет,0,онлайн,0,в стиле крафт,0,идеи создания на 5 лет,0,0,Z/Москва/спб,примеры оформления крфтовой темы
напечатать,1,твердый,0,фотоальбом_фотоальбомы/альбом_альбомы,6 лет,0,из фотографий на заказ,0,на 100 фотографий 10х15,0,печать в типографии на заказ,0,0,Z/Москва/спб,"высокое качество исполнения, твердый переплет"
смотреть онлайн,1,поларойдный,0,фотоальбом_фотоальбомы/альбом_альбомы,7 лет,0,в интернете,0,с темой поларойд,0,онлайн оформление,0,0,Z/Москва/спб,"шаблоны, обложки, стикеры для 7 лет"
создать онлайн,1,интересный,0,фотоальбом_фотоальбомы/альбом_альбомы,10 лет,0,самому,0,на 200 фотографий 10х15,0,интересные темы,0,0,Z/Москва/спб,готовые макеты на 10 лет
купить,1,необычный,0,фотоальбом_фотоальбомы/альбом_альбомы,18 лет,0,онлайн в интернете,0,для разных фотографий,0,онлайн оформление на 18 лет,0,0,Z/Москва/спб/Екатеринбург/Новосибирск,примеры необычного дизайна
заказать,1,именной,0,фотоальбом_фотоальбомы/альбом_альбомы,20 лет,0,в подарок,0,на 600 страниц,0,именное изготовление в подарок на 20 лет,0,0,Z/Москва/спб/Екатеринбург/Новосибирск,"различные переплеты, форматы, дизайн страниц"
купить недорого,1,черно-белый,0,фотоальбом_фотоальбомы/альбом_альбомы,25 лет,0,в интернете на сайте,0,для фотографий,0,"описание, оформление, изготовление на 25 лет",0,0,Z/Москва/спб/Екатеринбург/Новосибирск,выбор идей и примеры черно-белого дизайна
оформить онлайн,1,красивый своими руками,0,фотоальбом_фотоальбомы/альбом_альбомы,30 лет,0,пошагово,0,на 100 страниц,0,темы оформления на 30 лет,0,0,Z/Москва/спб,"программа создания пошагово, простой редактор"
заказать,1,юбилейный,0,фотоальбом_фотоальбомы/альбом_альбомы,40 лет,0,на официальном сайте,0,для фото,0,юбилейное изготовление на заказ,0,0,Z/Москва/спб,"темы, стиль на 40 лет"
купить онлайн,1,дорогой,0,фотоальбом_фотоальбомы/альбом_альбомы,50 лет,0,на заказ в интернете,0,для фотографий,0,стили и изготовление на 50 лет,0,0,Z/Москва/спб,дорогой дизайн
заказать,1,классический,0,фотоальбом_фотоальбомы/альбом_альбомы,60 лет,0,онлайн,0,в стиле классика,0,классическое оформление для печати,0,0,Z/Москва/спб/Екатеринбург/Новосибирск,выбор идей на 60 лет
создать,1,архивный,0,фотоальбом_фотоальбомы/альбом_альбомы,70 лет,0,на заказ в интернете,0,на 100 страниц,0,оформление на 70 летний юбилей,0,0,Z/Москва/спб/Екатеринбург/Новосибирск,примеры архивных работ
создать,1,выпускной,0,фотоальбом_фотоальбомы/альбом_альбомы,на последний звонок,0,формата А4,0,с фотографиями,0,примеры оформления на последний звонок,0,0,Z/Москва/спб/Екатеринбург/Новосибирск,стиль для выпускных
заказать,1,женский,0,фотоальбом_фотоальбомы/альбом_альбомы,на юбилей женщине,0,на сайте в интернете,0,с подписями,0,оформление на заказ на юбилей,0,0,Z/Москва/спб,"женские темы, фоны, украшения"
заказать,1,именной,0,фотоальбом_фотоальбомы/альбом_альбомы,на юбилей мужчине,0,онлайн в интернете,0,для фото в классическом стиле,0,именное оформление для мужчин,0,0,Z/Москва/спб,выбор стиля и тем на юбилей
оформить,1,детский,0,фотоальбом_фотоальбомы/альбом_альбомы,праздника,0,бесплатно,0,своими руками,0,примеры детского оформления,0,0,Z/Москва/спб,большой выбор идей для праздника
издать,1,дорогой,0,фотоальбом_фотоальбомы/альбом_альбомы,премиум,0,на заказ,0,на 300 фотографий 10х15,0,премиум дизайн для печати,0,0,Z/Москва/спб,примеры дорогого оформления
создать онлайн,1,первый,0,фотоальбом_фотоальбомы/альбом_альбомы,1 год жизни,0,для ребенка на сайте,0,для фото,0,детские темы оформления,0,0,Z/Москва/спб,примеры первого дизайна
создать онлайн,1,для выпускников,0,фотоальбом_фотоальбомы/альбом_альбомы,на выпускной 4 класс,0,в интернете онлайн,0,в твердом переплете,0,школьные темы оформления для 4 класса,0,0,Z/Москва/спб/Екатеринбург/Новосибирск,фоны для презентации выпускников
сделать,1,приватный,0,фотоальбом_фотоальбомы/альбом_альбомы,любимому,0,своими руками пошагово,0,с подписями фотографий,0,оформление в печать для любимого человека,0,0,Z/Москва/спб/Екатеринбург/Новосибирск,"приватные подписи и фразы, выражения."
купить,1,памятный,0,фотоальбом_фотоальбомы/альбом_альбомы,городов,0,на память на сайте,0,с фотографиями,0,красивые страницы с темами городов,0,0,Z/Москва/спб/Екатеринбург/Новосибирск,запоминающиеся обложки
сделать самому,1,подарочный,0,фотоальбом_фотоальбомы/альбом_альбомы,для новорожденного первый год,0,по месяцам,0,с фото,0,подарочное оформление для новорожденного,0,0,Z/Москва/спб/Екатеринбург/Новосибирск,"простой редактор, шаблоны по месяцам"
купить,1,мужской,0,фотоальбом_фотоальбомы/альбом_альбомы,для друга,0,в подарок,0,с черными страницами,0,"брутальное оформление, стиль для мужчин",0,0,Z/Москва/спб/Екатеринбург/Новосибирск,"надписи к фотографиям для друга, мужской стиль"
сделать,1,домашний,0,фотоальбом_фотоальбомы/альбом_альбомы,бабушке,0,в винтажном стиле,0,для черно-белых фотографий,0,ретро оформление для бабушки,0,0,Z/Москва/спб/Екатеринбург/Новосибирск,"выбор обложек, домашний стиль"
сделать,1,памятный,0,фотоальбом_фотоальбомы/альбом_альбомы,дедушке,0,на память о семье,0,для старых фотографий,0,классическое оформление страниц для дедушки,0,0,Z/Москва/спб,различные переплеты для семьи
сделать,1,стандартный,0,фотоальбом_фотоальбомы/альбом_альбомы,для начинающих,0,своими руками пошагово,0,для фото различных форматов,0,стандартные шаблоны и темы оформления страниц,0,0,Z/Москва/спб/Екатеринбург/Новосибирск,простой редактор для начинающих
оформить онлайн,1,первый,0,фотоальбом_фотоальбомы/альбом_альбомы,первоклассника,0,на память о школе,0,с веселыми подписями,0,красивые темы оформления для первоклассника,0,0,Z/Москва/спб/Екатеринбург/Новосибирск,первые школьные обложки
сделать,1,семейный,0,фотоальбом_фотоальбомы/альбом_альбомы,родителям,0,на память в подарок,0,с надписями к фото,0,семейные темы оформления,0,0,Z/Москва/спб/Екатеринбург/Новосибирск,классический дизайн
заказать,1,свадебный,0,фотоальбом_фотоальбомы/альбом_альбомы,молодоженов,0,онлайн в интернете,0,на 200 фото 10х15,0,свадебное оформление для молодоженов,0,0,Z/Москва/спб/Екатеринбург/Новосибирск,"красивые обложки, дизайнерские онлайн страницы"
создать,1,эксклюзивный,0,фотоальбом_фотоальбомы/альбом_альбомы,для фотографов,0,на сайте на заказ,0,для фотографий,0,варианты эксклюзивного оформления,0,0,Z/Москва/спб/Екатеринбург/Новосибирск,"удобный редактор для фотографов, готовые шаблоны"
заказать,1,печатный,0,фотоальбом_фотоальбомы/альбом_альбомы,мужу,0,в интернет магазине,0,с подписями к фотографиям,0,печать в типографии,0,0,Z/Москва/спб/Екатеринбург/Новосибирск,"красивые печатные страницы внутри, обложки"
посмотреть,1,детский,0,фотоальбом_фотоальбомы/альбом_альбомы,baby,0,в интернете,0,как дневник м алыша,0,примеры оформления baby темы,0,0,Z/Москва/спб/Екатеринбург/Новосибирск,"детские фоны, обложки, страницы"
оформить,1,военный,0,фотоальбом_фотоальбомы/альбом_альбомы,ко Дню Победы,0,на сайте,0,с темой войны,0,примеры военного оформления,0,0,Z/Москва/спб/Екатеринбург/Новосибирск,лаконичный дизайн
купить,1,большой семейный,0,фотоальбом_фотоальбомы/альбом_альбомы,на годовщину свадьбы,0,в подарок,0,для больших фото,0,примеры свадебного оформления на годовщину,0,0,Z/Москва/спб/Екатеринбург/Новосибирск,"стильные обложки, тематические семейные страницы"
оформить,1,индивидуальный,0,фотоальбом_фотоальбомы/альбом_альбомы,выпускника детского сада,0,онлайн на сайте,0,на 30 фото,0,индивидуальные варианты оформления,0,0,Z/Москва/спб/Екатеринбург/Новосибирск,"простой онлайн редактор, страницы и обложки для детского сада"
купить,1,винтажный,0,фотоальбом_фотоальбомы/альбом_альбомы,сестре,0,онлайн в интернете,0,на 40 фото,0,разные стили ретро оформления,0,0,Z/Москва/спб/Екатеринбург/Новосибирск,винтажный дизайн для сестры
сделать,1,яркий,0,фотоальбом_фотоальбомы/альбом_альбомы,в виде книги,0,своими руками на заказ,0,для фотографий,0,яркий стиль оформления книги,0,0,Z/Москва/спб/Екатеринбург/Новосибирск,"фоны, обложки, удобный редактор"
создать,1,виртуальный,0,фотоальбом_фотоальбомы/альбом_альбомы,детство,0,онлайн,0,с электронным перелыстыванием страниц,0,виртуальное оформление,0,0,Z/Москва/спб/Екатеринбург/Новосибирск,простой онлайн-редактор
заказать,1,школьный,0,фотоальбом_фотоальбомы/альбом_альбомы,1 сентября,0,на официальном сайте онлайн,0,для празничных фото,0,изготовление на заказ в типографии на 1 сентября,0,0,Z/Москва/спб,бесплатное школьное оформление и дизайн
оформить,1,комбинированный,0,фотоальбом_фотоальбомы/альбом_альбомы,для новорожденного первого года жизни,0,самому,0,на стандартный размер фото 15х21 и 10х15,0,примеры новорожденного оформления,0,0,Z/Москва/спб,комбинированный дизайн
купить,1,веселый,0,фотоальбом_фотоальбомы/альбом_альбомы,первый год малыша,0,на заказ,0,для детских фото из жизни малыша,0,изготовление на заказ для малыша,0,0,Z/Москва/спб,веселый дизайн для ребенка
создать,1,памятный,0,фотоальбом_фотоальбомы/альбом_альбомы,коллеге,0,на память на заказ,0,в виде открытки,0,"идеи оформления для коллеги, изготовление",0,0,Z/Москва/спб,красивая упаковка
купить,1,креативный,0,фотоальбом_фотоальбомы/альбом_альбомы,для влюбленных,0,любимому в подарок,0,с фотографиями,0,"печать в типографии, креативное оформление",0,0,Z/Москва/спб,"темы для влюбленных, названия, подписи"
создать,1,классный,0,фотоальбом_фотоальбомы/альбом_альбомы,руководителю,0,онлайн в подарок,0,в виде книги,0,классное оформление,0,0,Z/Москва/спб,"подписи, стихи, цитаты руководителю"
сделать,1,тематический,0,фотоальбом_фотоальбомы/альбом_альбомы,животных,0,на память,0,любимых питомцев,0,варианты оформления для животных,0,0,Z/Москва/спб,"библиотека тематических фонов, стикеров, обложек"
сделать,1,крутой,0,фотоальбом_фотоальбомы/альбом_альбомы,для парня,0,своими руками на день рождения,0,для крутых фото,0,идеи оформления для парня,0,0,Z/Москва/спб,простой онлайн редактор
купить,1,Z,0,фотоальбом_фотоальбомы/альбом_альбомы,первый для девочки,0,на заказ в интернете,0,для фото первого года жизни,0,нежное оформление для девочки,0,0,Z/Москва/спб,"разные переплеты, красивый дизайн"
заказать онлайн,1,шуточный,0,фотоальбом_фотоальбомы/альбом_альбомы,детский мир,0,в интернет-магазине,0,без кармашков,0,шуточное оформление для детей,0,0,Z/Москва/спб,бумажные страницы с темами детского мира
заказать,1,большой детский,0,фотоальбом_фотоальбомы/альбом_альбомы,на крестины,0,в интернете,0,для больших и маленьких фото,0,темы оформления крестин,0,0,Z/Москва/спб,"шаблоны, страницы, надписи для детей"
оформить онлайн,1,детский,0,фотоальбом_фотоальбомы/альбом_альбомы,от 0 до года,0,на сайте,0,для фото с первого дня,0,детские темы оформления,0,0,Z/Москва/спб,нежный дизайн страниц и обложек для малышей
купить,1,новорожденный,0,фотоальбом_фотоальбомы/альбом_альбомы,"привет, я родился",0,в интернет-магазине ручной работы,0,для фотографий первого года жизни,0,"оформление для новорожденных на тему - привет, я родился!",0,0,Z/Москва/спб,"записи, фоны, стикеры на рождение"
сделать,1,самодельный,0,фотоальбом_фотоальбомы/альбом_альбомы,на рождение ребенка,0,своими руками пошагово на компьютере,0,с фото,0,мастер-классы по оформлению,0,0,Z/Москва/спб,электронная программа
создать,1,декоративный,0,фотоальбом_фотоальбомы/альбом_альбомы,на рождение,0,как подарок на день рождения,0,моя семья,0,примеры декоративного оформления,0,0,Z/Москва/спб/Екатеринбург/Новосибирск,надписи и поздравления на День рождения
заказать,1,белый,0,фотоальбом_фотоальбомы/альбом_альбомы,беременности,0,на память,0,для черно-белых фото,0,стильное оформление,0,0,Z/Москва/спб,"белые страницы, бумажные листы"
создать,1,самый лучший,0,фотоальбом_фотоальбомы/альбом_альбомы,для семейной пары,0,в подарок на юбилей свадьбы,0,на 200 фото,0,семейные темы оформления,0,0,Z/Москва/спб,"конкурсы, поздравления"
заказать,1,глянцевый,0,фотоальбом_фотоальбомы/альбом_альбомы,для средней школы,0,в подарок ученикам школы,0,для фото,0,варианты оформления для школы,0,0,Z/Москва/спб,производство и печать в типографии
оформить,1,винтажный,0,фотоальбом_фотоальбомы/альбом_альбомы,под старину,0,на компьютере самостоятельно,0,для старинных фотографий,0,винтажный стиль оформления,0,0,Z/Москва/спб,"шаблоны, фоны, дизайн под старину"
заказать,1,стильный,0,фотоальбом_фотоальбомы/альбом_альбомы,для организации,0,онлайн,0,для фотографий,0,печать в типографии,0,0,Z/Москва/спб,бесплатные шаблоны
заполнить,1,праздничный,0,фотоальбом_фотоальбомы/альбом_альбомы,мой любимый детский сад,0,самостоятельно,0,темы сказок,0,праздничное изготовление на заказ,0,0,Z/Москва/спб,пошаговые инструкции оформления
сделать,1,белый,0,фотоальбом_фотоальбомы/альбом_альбомы,невесты,0,своими руками на память о свадьбе,0,для черно-белых фотографий,0,черно-белое оформление,0,0,Z/Москва/спб,"эскизы, белые листы, бумажные страницы"
оформить,1,красивый дорогой,0,фотоальбом_фотоальбомы/альбом_альбомы,на золотую свадьбу,0,онлайн своими руками в подарок родителям,0,с фотографиями на юбилей свадьбы,0,дорогое оформление премиум класса,0,0,Z/Москва/спб,"красивые надписи, фразы, стихи"
заказать,1,однотонный,0,фотоальбом_фотоальбомы/альбом_альбомы,для бизнеса,0,на заказ онлайн,0,недорого,0,"примеры оформления, галерея идей",0,0,Z/Москва/спб,"однотонные фоны, готовые макеты"
сделать,1,памятный,0,фотоальбом_фотоальбомы/альбом_альбомы,отпуска,0,на память о путешествии,0,для фотографий,0,памятные темы оформления отпуска,0,0,Z/Москва/спб,удобный редактор
создать,1,родословный,0,фотоальбом_фотоальбомы/альбом_альбомы,для внучки,0,на память о семье,0,в виде книги,0,идеи оформления в виде книги внучке,0,0,Z/Москва/спб,"типы, форматы, переплеты"
создать,1,качественный,0,фотоальбом_фотоальбомы/альбом_альбомы,на год отношений,0,в подарок,0,с фото и комментариями,0,красивый дизайн для влюбленных,0,0,Z/Москва/спб,"векторы, шаблоны, удобный онлайн редактор"
сделать,1,детский,0,фотоальбом_фотоальбомы/альбом_альбомы,принцессы,0,своими руками,0,с фотографиями малышки,0,сказочное оформление,0,0,Z/Москва/спб/Екатеринбург/Новосибирск,"детские обложки для принцессы, украшения, стикеры"
оформить,1,школьный,0,фотоальбом_фотоальбомы/альбом_альбомы,для гимназии,0,онлайн на сайте,0,с фотографиями учеников,0,идеи дизайна для гимназии,0,0,Z/Москва/спб,"инструкции по оформлению, готовые макеты"
оформить,1,зимний,0,фотоальбом_фотоальбомы/альбом_альбомы,отдыха,0,онлайн на компьютере самостоятельно,0,с фото семьи,0,зимние и летние темы оформления,0,0,Z/Москва/спб,простой онлайн редактор
сделать,1,спортивный,0,фотоальбом_фотоальбомы/альбом_альбомы,для подростка,0,на заказ онлайн,0,с фото на тему спорт,0,спортивный стиль для подростка,0,0,Z/Москва/спб,"акции, распродажи, пошаговые инструкции"
заказать,1,дорожный,0,фотоальбом_фотоальбомы/альбом_альбомы,путешественника,0,онлайн,0,с фото путешествия,0,дорожные темы оформления,0,0,Z/Москва/спб,"удобный онлайн редактор, готовые страницы"
купить,1,милый,0,фотоальбом_фотоальбомы/альбом_альбомы,первый год жизни малыша,0,на заказ онлайн,0,для первых фотографий,0,милые темы оформления,0,0,Z/Москва/спб,"картинки, стикеры, обложки"
скачать,1,вертикальный,0,фотоальбом_фотоальбомы/альбом_альбомы,от года до 7 лет,0,на сайте в интернете,0,для разных фото,0,примеры детского оформления,0,0,Z/Москва/спб,"вертикальные форматы, размеры"
заказать,1,дизайнерский,0,фотоальбом_фотоальбомы/альбом_альбомы,история нашей любви,0,как подарок любимому своими руками,0,для совместных фото,0,варианты дизайна на заказ,0,0,Z/Москва/спб,картинки для оформления
заказать,1,небольшой,0,фотоальбом_фотоальбомы/альбом_альбомы,на годик,0,своими руками,0,небольшого формата 20х20,0,оформление для мальчиков и девочек,0,0,Z/Москва/спб,темы для небольших форматов
сделать,1,скетчбук,0,фотоальбом_фотоальбомы/альбом_альбомы,для подруги на день рождения,0,в подарок своими руками,0,с фотографиями,0,готовые темы скетчбук оформления,0,0,Z/Москва/спб,"фоторамки, украшения, декор для друзей"
создать,1,памятный,0,фотоальбом_фотоальбомы/альбом_альбомы,воспитателю,0,в подарок на память от родителей и детей,0,с местом для записей,0,профессиональная печать для памятного подарка,0,0,Z/Москва/спб,красивые фразы для воспитателей
заказать,1,мужской,0,фотоальбом_фотоальбомы/альбом_альбомы,для папы,0,онлайн в подарок,0,с подписями для фотографий,0,варианты оформления фотографий для папы,0,0,Z/Москва/спб,"портреты, надписи, слова с поздравлениями"
купить,1,школьный,0,фотоальбом_фотоальбомы/альбом_альбомы,первый раз в первый класс,0,в интернете на заказ,0,для фотографий класса,0,примеры оформления для первоклашек,0,0,Z/Москва/спб,"слова, стихи, подписи для школы"
сделать,1,подарочный,0,фотоальбом_фотоальбомы/альбом_альбомы,"до свидания, детский сад",0,своими руками,0,для фотографий детей,0,красивые темы оформления для подарка,0,0,Z/Москва/спб,"подписи, стихи, подарочные коробки"
заказать,1,традиционный,0,фотоальбом_фотоальбомы/альбом_альбомы,для дочери,0,в интернете онлайн,0,для фото,0,изготовление на заказ,0,0,Z/Москва/спб,"традиционные темы, обложки, переплеты"
оформить онлайн,1,Z,0,фотоальбом_фотоальбомы/альбом_альбомы,для сына,0,онлайн в интернете,0,в подарок с фотографиями,0,идеи онлайн оформления для сына,0,0,Z/Москва/спб/Екатеринбург/Новосибирск,"обложки, страницы, портреты"
сделать,1,семейный,0,фотоальбом_фотоальбомы/альбом_альбомы,для мамы,0,онлайн,0,с местом для записей,0,варианты оформления для семьи,0,0,Z/Москва/спб/Екатеринбург/Новосибирск,"темы,обложки, стикеры, надписи"