title,"${setText(w2, 'Детская' )}  ${setText(w3, 'фотокнига' )}  ${setText(w6, 'для фото ')}  ${setText(w1, 'купить')}  ${setText(w9s, ' в Москве ')} . ${setText(w3, 'фотокнига' )} ${setText(w4, ' на выпускной')} ${setText(w5, 'онлайн ')} . Цены. Печать.${setText(w7, 'Оформление ')} . ${setText(w10, 'Обложки ')} .",,,,,,,,,,,,,,
description,"${setText(w2, 'Детская' )}  ${setText(w3, 'фотокнига' )}  ${setText(w9s, ' в Москве ')}  –  это U4U.ru. ${setText(w3s, 'Фотокниги')} ${setText(w4, ' на выпускной')} ${setText(w6, 'для фото')} можно ${setText(w1, 'купить')}  на нашем сайте. Цены на печать от 390 р. ${setText(w7, 'Оформление')} . ${setText(w10, 'Обложки ')} . ${setText(w2, 'Детская' )}  ${setText(w3, 'фотокнига' )}  ${setText(w5, 'онлайн ')}  – ее  легко ${setText(w1, 'купить')}  и подарить себе хорошее настроение. ${setText(w2, 'Детская' )}  ${setText(w3, 'фотокнига' )}  ${setText(w6, 'для фото ')}  - бесплатные макеты на сайте. Работаем 24/7. ${setText(w3s, 'Фотокниги')}  ${setText(w9s, ' в Москве ')}  от U4U сохранят ваши впечатления.",,,,,,,,,,,,,,
CEO,"${setText(w2, 'Детская' )}  ${setText(w3, 'фотокнига' )}  ${setText(w6, 'для фото ')}  ${setText(w5, 'онлайн')}  ${setText(w9s, ' в Москве')}  - это оригинальный и недорогой подарок, который легко ${setText(w1, 'купить')} на нашем сайте. ${setText(w3s, 'Фотокниги')}  на U4U.ru – это бесплатные шаблоны от лучших дизайнеров страны, простой онлайн редактор, с которым справится даже начинающий пользователь интернета и печать безупречного качества. Предлагаем ${setText(w7, 'оформление ')} и ${setText(w10, 'обложки ')} для ваших фотоальбомов. У нас очень удобный сервис по созданию полиграфической продукции. Печатайте свои любимые фотографии, чтобы сохранить бесценные мгн овения своей жизни. ${setText(w2, 'Детская' )}  ${setText(w3, 'фотокнига' )} ${setText(w4, ' на выпускной')} ${setText(w5, 'онлайн ')}  ${setText(w9s, ' в Москве ')}  - это быстро, просто и совсем недорого. Наши цены вас порадуют – от 390 рублей за многостраничный альбом. У нас постоянно проходят различные акции, по которым можно купить продукцию по большим скидкам. ${setText(w3s, 'Фотокниги')}  ${setText(w6, 'для фото ')}  – самые актуальные предложения на нашем онлайн сервисе для каждого заказчика, высокое качество печати и быстрые сроки исполнения любого заказа. Срок изготовления от 1 дня. ${setText(w2, 'Детская' )}  ${setText(w3, 'фотокнига' )} ${setText(w4, ' на выпускной')} от U4U порадует даже самого взыскательного заказчика, ее легко ${setText(w1, 'купить')}  на нашем сайте и сохранить приятные воспоминания на долгие годы. Все ${setText(w3s, 'Фотокниги')}  мы печатаем на собственном современном производстве. У нас удобная упаковка и доставка по всей территории России ${setText(w9i, 'и Москве ')} курьером, почтой и в пункты самовывоза. Предусмотрен бесплатный самовывоз из офиса U4U в Москве. Мы дорожим своими заказчиками и предусмотрели информирование путем SMS или e-mail уведомлений о каждом этапе прохождения и готовности вашего заказа. . ${setText(w3s, 'Фотокниги')}  ${setText(w5, 'онлайн ')}  ${setText(w9s, ' в Москве ')}  - это ваша история на нашем сайте. Сохраняйте вашу историю для себя и друзей с фотокнигами от U4U.ru.",,,,,,,,,,,,,,
купить,0,детская,0,фотокнига_фотокниги,на выпускной,0,на заказ,0,для фото,0,оформление,0,0,"Z/ Москва/ спб/Екатеринбург/Новосибирск","детские обложки, фоны и дизайн"
сделать,0,выпускная,0,фотокнига_фотокниги,в детский сад,0,в интернете,0,своими руками,0,идеи на выпускной,0,0,"Z/ Москва/ спб/Екатеринбург/Новосибирск","страницы, выпускные шаблоны, онлайн-редактор"
скачать,0,школьная,0,фотокнига_фотокниги,класса,0,в интернет магазине,0,с фотографиями,0,изготовление,0,0,"Z/ Москва/ спб/Екатеринбург/Новосибирск","подписи, школьные цитаты для скачивания"
заказать,0,скрапбукинг,0,фотокнига_фотокниги,скрапбукинг,0,онлайн,0,недорого,0,создание,0,0,"Z/ Москва/ спб/Екатеринбург/Новосибирск","программа создания, примеры скрапбукинг оформления"
создать,0,Z,0,фотокнига_фотокниги,лета,0,ручной работы,0,для фото в виде книги,0,оформление и создание для печати,0,0,"Z/ Москва/ спб/Екатеринбург/Новосибирск","размеры, блоки для фото, шаблоны"
купить в магазине,0,магнитная,0,фотокнига_фотокниги,года,0,в интернете,0,для фото,0,магнитные темы для фото,0,0,"Z/ Москва/ спб/Екатеринбург/Новосибирск","качественная бумага, твердый переплет"
оформить,0,новорожденная,0,фотокнига_фотокниги,первого года,0,на сайте,0,10х15,0,оформление своими руками для новорожденных,0,0,"Z/ Москва/ спб/Екатеринбург/Новосибирск","разные шаблоны, примеры работ"
сделать,0,красивая,0,фотокнига_фотокниги,на выпускной в детский сад,0,своими руками пошагово,0,как книга,0,мастер-классы для красивого оформления,0,0,"Z/ Москва/ спб/Екатеринбург/Новосибирск","красивые фона, надписи, стихи"
сделать своими руками,0,дорогая,0,фотокнига_фотокниги,выпускника,0,онлайн,0,на 200 фото,0,идеи дорогого оформления своими руками,0,0,"Z/ Москва/ спб/Екатеринбург/Новосибирск","названия, подписи, стихи"
оформить,0,первая,0,фотокнига_фотокниги,для новорожденного,0,на заказ,0,на 500 фотографий,0,идеи первого оформления,0,0,"Z/ Москва/ спб/Екатеринбург/Новосибирск","тексты, первые стихи, заголовки"
смотреть,0,частная,0,фотокнига_фотокниги,Z,0,на компьютере,0,недорого,0,просмотр частных тем,0,0,"Z/ Москва/ спб/Екатеринбург/Новосибирск","подписи, тексты, названия"
напечатать,0,семейная,0,фотокнига_фотокниги,на юбилей,0,своими руками,0,самому,0,"поздравления, стихи для семейных тем",0,0,"Z/ Москва/ спб/Екатеринбург/Новосибирск","семейный дизайн, рамки, стикеры"
распечатать,0,школьная,0,фотокнига_фотокниги,ребенка,0,на заказ,0,дешево,0,школьное оформление,0,0,"Z/ Москва/ спб/Екатеринбург/Новосибирск","школьные образцы, примеры работ для школы"
загрузить,0,большая,0,фотокнига_фотокниги,для школы,0,своими руками пошагово для начинающих,0,для фото,0,стиль и идеи оформления больших разворотов,0,0,Z,"большие форматы, шаблоны, надписи"
посмотреть,0,белая,0,фотокнига_фотокниги,для девушки,0,в подарок,0,на 500 фото,0,"изготовление на заказ, белое оформление страниц",0,0,"Z/ Москва/ спб/Екатеринбург/Новосибирск","образцы, большая галерея белых тем"
изготовить,0,школьная,0,фотокнига_фотокниги,4 класс,0,на память,0,для фотографий 10х15,0,школьные проекты,0,0,"Z/ Москва/ спб/Екатеринбург/Новосибирск","поздравления, школьные подписи и цитаты"
сделать на заказ,0,свадебная,0,фотокнига_фотокниги,на свадьбу,0,в магазине,0,с подписями,0,свадебное изготовление молодоженам на заказ,0,0,"Z/ Москва/ спб/Екатеринбург/Новосибирск","твердая обложка, свадебный переплет"
создать онлайн,0,новогодняя,0,фотокнига_фотокниги,для девочки,0,2021,0,на 600 фото,0,новогоднее оформление,0,0,"Z/ Москва/ спб/Екатеринбург/Новосибирск",мягкий и твердый переплеты для новогодних подарков
посмотреть,0,хорошая,0,фотокнига_фотокниги,9 класс,0,виды,0,на 300 фото,0,с хорошим оформлением внутри,0,0,"Z/ Москва/ спб/Екатеринбург/Новосибирск",хороший онлайн редактор
создать и напечатать,0,бумажная,0,фотокнига_фотокниги,первого года,0,А4,0,в книжном переплете,0,мастер-класс для начинающих,0,0,"Z/ Москва/ спб/Екатеринбург/Новосибирск","отзывы, бумажные страницы, надежный переплет"
купить,0,индивидуальная,0,фотокнига_фотокниги,11 класс,0,на кольцах А4,0,с текстом,0,с индивидуальным оформление страниц,0,0,"Z/ Москва/ спб/Екатеринбург/Новосибирск",индивидуальные стихи и фразы
сделать пошагово для начинающих,0,детская,0,фотокнига_фотокниги,жизни малыша,0,онлайн бесплатно,0,в коробке,0,оформление листов для детей,0,0,"Z/ Москва/ спб/Екатеринбург/Новосибирск","заголовоки, детские подписи к фото"
купить недорого в интернете,0,подарочная,0,фотокнига_фотокниги,для женщины,0,на заказ,0,снимки,0,подарочное оформление внутри на заказ,0,0,"Z/ Москва/ спб/Екатеринбург/Новосибирск","слова, фразы из жизни, подарочные надписи"
купить формата А4,0,школьная,0,фотокнига_фотокниги,выпускника детского сада,0,своими руками пошагово,0,презентация,0,"изготовление для выпускников, школьные темы",0,0,"Z/ Москва/ спб/Екатеринбург/Новосибирск","промокоды, школьные акции и скидки"
оформить,0,военная,0,фотокнига_фотокниги,1941 - 1945,0,онлайн,0,описание,0,военное оформление,0,0,"Z/ Москва/ спб/Екатеринбург/Новосибирск","онлайн редактор, военные темы дизайна"
оформить,0,личная,0,фотокнига_фотокниги,для мальчика,0,для начинающих,0,с записями,0,личные темы оформления,0,0,"Z/ Москва/ спб/Екатеринбург/Новосибирск",фоторедактор для начинающих
создать,0,именная,0,фотокнига_фотокниги,семья,0,онлайн в интернете,0,на 10 фото,0,именные варианты оформления,0,0,"Z/ Москва/ спб/Екатеринбург/Новосибирск",программа для создания именного дизайна
сделать,0,маленькая,0,фотокнига_фотокниги,на рождение,0,своими руками,0,в виде книги,0,"оформление надписями, темы для маленьких",0,0,"Z/ Москва/ спб/Екатеринбург/Новосибирск",маленькие фото своими руками
сделать пошагово для начинающих,0,первая для новорожденного,0,фотокнига_фотокниги,скрапбукинг своими руками,0,с фото своими руками,0,20 листов,0,мастер-класс по первому изготовлению,0,0,"Z/ Москва/ спб/Екатеринбург/Новосибирск",шаблоны для фотоблоков
изготовить,0,памятная,0,фотокнига_фотокниги,на выпускной 11 класс,0,как наборы,0,в виде книги,0,"описание, памятное оформление",0,0,"Z/ Москва/ спб/Екатеринбург/Новосибирск",размеры фото
сделать,0,школьная,0,фотокнига_фотокниги,на выпускной 9 класс,0,как серия,0,на 300 фотографий,0,школьные поздравления,0,0,"Z/ Москва/ спб/Екатеринбург/Новосибирск",форматы школьных фотографий
оформить,0,армейская,0,фотокнига_фотокниги,армия,0,Z,0,на 10 фотографий,0,армейские темы оформления обложки,0,0,"Z/ Москва/ спб/Екатеринбург/Новосибирск","размеры фотографий, армейские шаблоны"
оформить,0,мини,0,фотокнига_фотокниги,image art,0,с телефона,0,на 1000 фотографий,0,мини темы для оформления с телефона,0,0,"Z/ Москва/ спб/Екатеринбург/Новосибирск",стандарные размеры
купить,0,оригинальная,0,фотокнига_фотокниги,на день рождения,0,на официальном сайте,0,на 200 фотографий,0,оригинальные темы оформления,0,0,"Z/ Москва/ спб/Екатеринбург/Новосибирск","виды переплетов, оригинальный дизайн"
купить,0,классическая,0,фотокнига_фотокниги,первого года жизни,0,заказ в виде книги,0,на 600 фотографий,0,классическая фотопечать на заказ,0,0,"Z/ Москва/ спб/Екатеринбург/Новосибирск","блоки для фотографий, твердый переплет"
скачать бесплатно,0,цифровая,0,фотокнига_фотокниги,Z,0,ru,0,на 400 фото,0,изготовление на заказ с цифрового носителя,0,0,Z,бесплатные программы на русском
заказать,0,именная на заказ,0,фотокнига_фотокниги,для любимой,0,с темой любовь,0,на 100 фото,0,именные темы на заказ,0,0,"Z/ Москва/ спб/Екатеринбург/Новосибирск","переплеты, размеры, обложки"
сделать,0,памятная на заказ,0,фотокнига_фотокниги,для мужчины,0,самостоятельно на компьютере,0,на 36 фото,0,памятное арт оформление,0,0,"Z/ Москва/ спб/Екатеринбург/Новосибирск","развороты, страницы, обложки"
создать,0,прикольная,0,фотокнига_фотокниги,индивидуальный выпускников детского сада,0,пошагово,0,на 400 фотографий,0,прикольное оформление для фото,0,0,"Z/ Москва/ спб/Екатеринбург/Новосибирск","стандартные размеры, прикольные темы"
заказать,0,женская,0,фотокнига_фотокниги,для подруги,0,на официальном сайте,0,20 фото,0,женский дизайн,0,0,"Z/ Москва/ спб/Екатеринбург/Новосибирск",каталог примеров работ для женщины
создать онлайн,0,морская,0,фотокнига_фотокниги,путешествия,0,бесплатно,0,с морской темой,0,печать разноформатных фотографий из путешествия,0,0,"Z/ Москва/ спб/Екатеринбург/Новосибирск","морские обложки, страницы, стикеры"
купить недорого,0,стильная,0,фотокнига_фотокниги,для новорожденного первый год,0,с записями,0,на 100 фотографий,0,печать в типографии,0,0,"Z/ Москва/ спб/Екатеринбург/Новосибирск","стильные шаблоны, блоки, стикеры бесплатно"
купить,0,красивая,0,фотокнига_фотокниги,цветов,0,в подарок,0,на 20 фотографий,0,красивое цветочное оформление,0,0,"Z/ Москва/ спб/Екатеринбург/Новосибирск","темы цветов, природы, времен года"
сделать,0,свадебная,0,фотокнига_фотокниги,скрапбукинг пошагово,0,своими руками пошагово с фото,0,на 50 фотографий,0,оформление своими руками,0,0,"Z/ Москва/ спб/Екатеринбург/Новосибирск",заготовки для свадебного оформления
скачать,0,электронная,0,фотокнига_фотокниги,начальная школа,0,бесплатно,0,самостоятельно,0,электронная онлайн загрузка,0,0,"Z/ Москва/ спб/Екатеринбург/Новосибирск",электронные тексты на русском языке
заказать,0,юбилейная,0,фотокнига_фотокниги,родителям,0,недорого в интернете,0,быстро,0,варианты юбилейного оформления,0,0,"Z/ Москва/ спб/Екатеринбург/Новосибирск",проекты работ для юбилея
купить недорого,0,семейная,0,фотокнига_фотокниги,для старых фотографий,0,на заказ,0,хорошего качества,0,оформление семейных фото,0,0,"Z/ Москва/ спб/Екатеринбург/Новосибирск",онлайн сервис
купить,0,готовая,0,фотокнига_фотокниги,для больших фотографий,0,в интернет-магазине,0,Z,0,примеры готового оформления,0,0,"Z/ Москва/ спб/Екатеринбург/Новосибирск",готовые подписи для фото
купить,0,первая,0,фотокнига_фотокниги,1 год,0,в интернет-магазине,0,срочно,0,изготовление,0,0,"Z/ Москва/ спб/Екатеринбург/Новосибирск","первые стихи, надписи, тексты"
смотреть,0,смешная,0,фотокнига_фотокниги,детские годы,0,видео,0,30х30,0,смешные поздравления для детей,0,0,Z/ Москва / спб,"шаблоны страниц, индивидуальные обложки"
оформить,0,выпускная,0,фотокнига_фотокниги,школьные годы,0,в электронном виде,0,с разными форматами фотографий,0,оформление страниц для выпускного,0,0,Z/ Москва / спб,подписи для выпускных фото
найти,0,школьная,0,фотокнига_фотокниги,выпускника школы,0,на заказ,0,для фото,0,школьное оформление бесплатно,0,0,Z/ Москва / спб,галерея работ для школы
создать,0,бумажная,0,фотокнига_фотокниги,для выпускника 4 класса,0,на выпуск,0,с бумажными страницами,0,создание в группе,0,0,Z/ Москва / спб,"картинки , украшения бумажных разворотов"
сделать самому,0,выпускная,0,фотокнига_фотокниги,для выпускника 9 класса,0,из фотографий на заказ,0,дешево,0,стоимость,0,0,Z/ Москва / спб,рамки для выпускных фото
собрать,0,выпускная,0,фотокнига_фотокниги,для выпускника 11 класса,0,создание онлайн,0,для разных фото,0,оформление самому,0,0,Z/ Москва / спб,бесплатная программа для создания выпускных тем
составить,0,семейная,0,фотокнига_фотокниги,для семейных фото,0,бесплатно,0,своими руками,0,мастер-класс по составлению семейных фото,0,0,Z/ Москва / спб,"семейные цитаты, фразы, стихи"
заказать,0,домашняя,0,фотокнига_фотокниги,крещение,0,в интернете,0,с кармашками,0,дизайн страниц для домашних тем,0,0,Z/ Москва / спб,онлайн конструктор для домашнего оформления обложек и разворотов
сделать,0,домашняя,0,фотокнига_фотокниги,для старых фото,0,в подарок,0,в стиле винтаж,0,идеи домашнего оформления для печати,0,0,Z/ Москва / спб,"форзацы, рамки, для старых фотографий"
сделать,0,розовая,0,фотокнига_фотокниги,для новорожденной девочки,0,самому,0,с картонными страницами,0,розовый дизайн для страниц и разворотов,0,0,Z/ Москва / спб,розовые фоны и нежные обложки для девочки
создать и напечатать,0,детская,0,фотокнига_фотокниги,для новорожденного мальчика,0,на сайте,0,на 500 фотографий 10х15,0,темы детского оформления для маленьких мальчиков,0,0,Z/ Москва / спб,"подложки под фото, рамочки, стикеры"
заказать,0,школьная,0,фотокнига_фотокниги,школьника,0,в интернет-магазине,0,на 30 листов,0,школьные темы для изготовление на заказ,0,0,Z/ Москва / спб,"переплет на пружине, на скрепке, книжный переплет"
заказать,0,черная,0,фотокнига_фотокниги,на 10 фото,0,почтой,0,на 50 листов,0,черный дизайн для листов и обложки,0,0,Z/ Москва / спб,первая страница для черно-белых фотографий
оформить,0,книжная,0,фотокнига_фотокниги,на 20 фото,0,бесплатно,0,для фото,0,книжные темы оформления,0,0,Z/ Москва / спб,книжный переплет в виде блокнота
создать,0,свадебная,0,фотокнига_фотокниги,на 36 фото,0,пошагово с фото,0,в стиле классика,0,свадебный дизайн для печати,0,0,Z/ Москва / спб,"свадебный декор, рамки, фоны"
заказать,0,классическая,0,фотокнига_фотокниги,семейных фотографий,0,недорого в интернете,0,в ретро стиле,0,классическое оформление для фото,0,0,Z/ Москва / спб,"фоторамки, классические украшения и фоны"
оформить,0,простая,0,фотокнига_фотокниги,скрапбукинг своими руками пошагово,0,бесплатно,0,для начинающих,0,простые идеи оформления своими руками,0,0,Z/ Москва / спб,"украшения, стикеры, шаблоны"
оформить онлайн,0,школьная,0,фотокнига_фотокниги,ученика,0,с фото своими руками,0,5 фото,0,школьные темы,0,0,Z/ Москва / спб,стоимость изготовления
украсить,0,новорожденная,0,фотокнига_фотокниги,своими руками для мальчика,0,для начинающих,0,для детских фото,0,темы для новорожденных малышей,0,0,Z/ Москва / спб,детские стикеры и фоторамки для мальчиков
купить,0,летняя,0,фотокнига_фотокниги,отпуска,0,в интернете,0,для наклеивания,0,летние темы для фотографий из отпуска,0,0,Z/ Москва / спб,"тексты, заголовки, подписи к фото с летнего отдыха"
купить,0,классическая,0,фотокнига_фотокниги,для больших фото,0,на официальном сайте,0,в переплете,0,классическое изготовление,0,0,Z/ Москва / спб,классическая тематика
посмотреть,0,тематическая,0,фотокнига_фотокниги,для наклеивания фотографий,0,в интернете,0,с темой СССР,0,тематические страницы на разные темы,0,0,Z/ Москва / спб,"фоны с темой СССР, тематические обложки и стикеры"
создать,0,семейная,0,фотокнига_фотокниги,семьи своими руками,0,пошагово,0,для стандартного размера фотографий,0,семейный дизайн для самостоятельного создания,0,0,Z/ Москва / спб,программа на русском языке для семейного использования
украсить,0,первая,0,фотокнига_фотокниги,1 класс,0,для школы,0,20х30,0,первые темы и дизайн для первоклассников,0,0,Z/ Москва / спб,"хранение, упаковка, доставка"
скачать,0,любительская,0,фотокнига_фотокниги,2 класс,0,в интернете,0,с перелистыванием страниц,0,варианты любительского оформления,0,0,Z/ Москва / спб,схемы шаблонов для любителей и профессионалов
купить,0,картонная,0,фотокнига_фотокниги,3 класс,0,онлайн,0,на 10 фотографий,0,оформление для картонных разворотов,0,0,Z/ Москва / спб,детские обложки из картона с фотографией
создать,0,современная,0,фотокнига_фотокниги,5 класс,0,онлайн,0,на 400 фотографий 10х15,0,современный стиль оформления,0,0,Z/ Москва / спб,"заставки, фоны и украшения страниц"
оформить онлайн,0,общая,0,фотокнига_фотокниги,6 класс,0,на сайте,0,на 100 фото 10х15,0,бесплатное оформление общих страниц для класса,0,0,Z/ Москва / спб,вырианты обложек для общих фотографий
создать,0,новая,0,фотокнига_фотокниги,7 класс,0,наш класс,0,недорого,0,новый дизайн для класса,0,0,Z/ Москва / спб,"профессиональная верстка, новые макеты"
оформить,0,красная,0,фотокнига_фотокниги,8 класс,0,самостоятельно,0,с записями,0,красный цвет в дизайне для самостоятельного оформления,0,0,Z/ Москва / спб,"красные темы, фоны, стикеры"
создать в группе,0,совместная,0,фотокнига_фотокниги,10 класс,0,одноклассников,0,осень,0,совместное создание в группе,0,0,Z/ Москва / спб,варианты осеннего дизайна для совместного оформления класса
найти,0,открытая,0,фотокнига_фотокниги,2 года малыша,0,недорого в интернете,0,с темой космос,0,открытый просмотр тем и оформления в интернете,0,0,Z/ Москва / спб,"материалы, бумага, обложки"
посмотреть,0,распечатанная,0,фотокнига_фотокниги,3 года,0,в подарок,0,с фото,0,распечатанные примеры на сайте,0,0,Z/ Москва / спб,крепление фотографий на распечатанных разворотах
сделать онлайн,0,необычная,0,фотокнига_фотокниги,4 года,0,онлайн,0,на 15 фотографий,0,необычное оформление,0,0,Z/ Москва / спб,большой выбор необычных идей
создать,0,крафтовая,0,фотокнига_фотокниги,5 лет,0,онлайн,0,в стиле крафт блокнота,0,крафтовые идеи и темы онлайн,0,0,Z/ Москва / спб,примеры оформления крафтовых проектов
напечатать,0,твердая,0,фотокнига_фотокниги,6 лет,0,из фотографий на заказ,0,на 100 фотографий 10х15,0,высокое качество исполнения,0,0,Z/ Москва / спб,твердый переплет
смотреть онлайн,0,поларойдная,0,фотокнига_фотокниги,7 лет,0,в интернете,0,для поларойдных фотографий,0,специальные темы оформления,0,0,Z/ Москва / спб,"шаблоны, обложки"
создать онлайн,0,интересная,0,фотокнига_фотокниги,10 лет,0,самому,0,на 200 фотографий 10х15,0,интересное оформление онлайн,0,0,Z/ Москва / спб,"макеты, интересный дизайн"
купить,0,необычная,0,фотокнига_фотокниги,18 лет,0,дешево,0,для разных фотографий,0,необычное оформление фотографий,0,0,Z/ Москва / спб,примеры необычного дизайна
заказать,0,именная,0,фотокнига_фотокниги,20 лет,0,в подарок,0,на 600 страниц,0,именное изготовление на заказ,0,0,Z/ Москва / спб,"различные переплеты, форматы, именной дизайн"
купить недорого,0,черно-белая,0,фотокнига_фотокниги,25 лет,0,в интернете на сайте,0,для фотографий,0,черно-белое оформление фотографий,0,0,Z/ Москва / спб,примеры монохромного дизайна
оформить онлайн,0,красивая своими руками,0,фотокнига_фотокниги,30 лет,0,пошагово,0,на 100 страниц,0,красивые темы оформления своими руками,0,0,Z/ Москва / спб,"красивые фоны, обложки, страницы"
заказать,0,юбилейная,0,фотокнига_фотокниги,40 лет,0,на официальном сайте,0,для фото,0,юбилейные темы оформления,0,0,Z/ Москва / спб,фоны для праздников и юбилеев
купить онлайн,0,дорогая,0,фотокнига_фотокниги,50 лет,0,на заказ в интернете,0,для фотографий,0,примеры дорогого исполнения на заказ,0,0,Z/ Москва / спб,премиум оформление
заказать,0,классическая,0,фотокнига_фотокниги,60 лет,0,онлайн,0,в стиле классика,0,классическое оформление онлайн,0,0,Z/ Москва / спб,примеры в классическом стиле
создать,0,архивная,0,фотокнига_фотокниги,70 лет,0,на заказ в интернете,0,на 100 страниц,0,оформление страниц для печати,0,0,Z/ Москва / спб,примеры архивных альбомов с фотографиями
создать,0,выпускная,0,фотокнига_фотокниги,на последний звонок,0,формата А4,0,с фотографиями,0,примеры оформления формата А4 для выпускных,0,0,Z/ Москва / спб,стиль для выпускных вечеров
заказать,0,женская,0,фотокнига_фотокниги,на юбилей женщине,0,на сайте в интернете,0,с подписями,0,оформление для женщин на заказ,0,0,Z/ Москва / спб,женские темы
заказать,0,именная,0,фотокнига_фотокниги,на юбилей мужчине,0,онлайн в интернете,0,для фото в классическом стиле,0,оформление,0,0,Z/ Москва / спб,выбор именного стиля и темы
оформить,0,детская,0,фотокнига_фотокниги,праздника,0,бесплатно,0,своими руками,0,примеры детского оформления,0,0,Z/ Москва / спб,большой выбор идей для детей
издать,0,дорогая,0,фотокнига_фотокниги,премиум,0,на заказ,0,на 300 фотографий 10х15,0,дорогое оформление фото 10х15,0,0,Z/ Москва / спб,примеры дорогого дизайна
создать онлайн,0,первая,0,фотокнига_фотокниги,1 год жизни,0,для ребенка на сайте,0,для фото,0,первые темы оформления для ребенка,0,0,Z/ Москва / спб,примеры
создать онлайн,0,для выпускников,0,фотокнига_фотокниги,на выпускной 4 класс,0,в интернете онлайн,0,в твердом переплете,0,школьные темы для выпускников,0,0,Z/ Москва / спб,фоны для презентации в интернете
сделать,0,приватная,0,фотокнига_фотокниги,любимому,0,своими руками пошагово,0,с подписями фотографий,0,приватное оформление для печати пошагово,0,0,Z/ Москва / спб,красивые слова и подписи
купить,0,памятная,0,фотокнига_фотокниги,городов,0,на память на сайте,0,с фотографиями,0,памятные страницы и оформление на сайте,0,0,Z/ Москва / спб,запоминающиеся обложки и развороты
сделать самому,0,подарочная,0,фотокнига_фотокниги,для новорожденного первый год,0,по месяцам,0,с фото,0,красивые страницы для каждого месяца первого года,0,0,Z/ Москва / спб,подарочное оформление для новорожденного
купить,0,мужская,0,фотокнига_фотокниги,для друга,0,в подарок,0,с черными страницами,0,брутальное мужское оформление,0,0,Z/ Москва / спб,"надписи к фотографиям, мужской дизайн"
сделать,0,домашняя,0,фотокнига_фотокниги,бабушке,0,в винтажном стиле,0,для черно-белых фотографий,0,домашнее ретро оформление,0,0,Z/ Москва / спб,выбор винтажных обложек
сделать,0,памятная,0,фотокнига_фотокниги,дедушке,0,на память о семье,0,для старых фотографий,0,памятное оформление,0,0,Z/ Москва / спб,различные переплеты
сделать,0,стандартная,0,фотокнига_фотокниги,для начинающих,0,своими руками пошагово,0,для фото различных форматов,0,стандартные шаблоны и темы оформления страниц,0,0,Z/ Москва / спб,"простой редактор, пошаговые инструкции"
оформить онлайн,0,первая,0,фотокнига_фотокниги,первоклассника,0,на память о школе,0,с веселыми подписями,0,веселые темы оформления,0,0,Z/ Москва / спб,первые школьные обложки
сделать,0,семейная,0,фотокнига_фотокниги,родителям,0,на память в подарок,0,с надписями к фото,0,семейные темы,0,0,Z/ Москва / спб,классический дизайн в подарок
заказать,0,свадебная,0,фотокнига_фотокниги,молодоженов,0,онлайн в интернете,0,на 200 фото 10х15,0,свадебное оформление онлайн,0,0,Z/ Москва / спб,"красивые обложки, дизайнерские страницы для фотографий 10х15"
создать,0,эксклюзивная,0,фотокнига_фотокниги,для фотографов,0,на сайте на заказ,0,для фотографий,0,эксклюзивные варианты оформления,0,0,Z/ Москва / спб,"удобный редактор, готовые шаблоны"
заказать,0,печатная,0,фотокнига_фотокниги,мужу,0,в интернет магазине,0,с подписями к фотографиям,0,печатные макеты для типографии,0,0,Z/ Москва / спб,"красивые страницы для печати, обложки с подписями"
посмотреть,0,детская,0,фотокнига_фотокниги,baby,0,в интернете,0,дневник,0,примеры детского оформления в интернете,0,0,Z/ Москва / спб,"детские фоны, обложки, украшалки"
оформить,0,военная,0,фотокнига_фотокниги,ко Дню Победы,0,на сайте,0,с темой войны,0,примеры военного оформления на сайте,0,0,Z/ Москва / спб,лаконичный дизайн ко Дню Победы
купить,0,большая семейная,0,фотокнига_фотокниги,на годовщину свадьбы,0,в подарок,0,для больших фото,0,примеры семейного оформления для больших фотографий,0,0,Z/ Москва / спб,большие форматы
оформить,0,индивидуальная,0,фотокнига_фотокниги,выпускника детского сада,0,онлайн на сайте,0,на 30 фото,0,индивидуальные варианты оформления онлайн,0,0,Z/ Москва / спб,"простой редактор, индивидуальные страницы и обложки с фотографиями"
купить,0,винтажная,0,фотокнига_фотокниги,сестре,0,дешево,0,на 40 фото,0,винтажные стили оформления,0,0,Z/ Москва / спб,винтажный ретро-дизайн недорого
сделать,0,яркая,0,фотокнига_фотокниги,в виде книги,0,своими руками на заказ,0,для ярких фотографий,0,яркий стиль оформления для фото,0,0,Z/ Москва / спб,"яркие фоны, обложки декоративные украшения"
создать,0,виртуальная,0,фотокнига_фотокниги,детство,0,онлайн,0,с перелыстыванием страниц,0,виртуальный дизайн для оформления онлайн,0,0,Z/ Москва / спб,простой онлайн-редактор с перелистыванием страниц
заказать,0,школьная,0,фотокнига_фотокниги,1 сентября,0,на официальном сайте онлайн,0,для празничных фото,0,школьные фоны и темы дизайна на сайте,0,0,Z/ Москва / спб,бесплатное оформление онлайн
оформить,0,комбинированная,0,фотокнига_фотокниги,для новорожденного первый год жизни,0,самому,0,на стандартный размер фото 15х21 и 10х15,0,примеры комбинированного оформления самому,0,0,Z/ Москва / спб,комбинированные темы для разных фотографий
купить,0,веселая,0,фотокнига_фотокниги,первый год малыша,0,на заказ,0,для детских фото из жизни малыша,0,веселые страницы для малыша,0,0,Z/ Москва / спб,веселый дизайн
создать,0,памятная,0,фотокнига_фотокниги,коллеге,0,на память на заказ,0,в виде открытки,0,памятные темы и идеи оформления на заказ,0,0,Z/ Москва / спб,красивая упаковка
купить,0,креативная,0,фотокнига_фотокниги,для влюбленных,0,любимому в подарок,0,с фотографиями,0,креативное оформление для любимого,0,0,Z/ Москва / спб,"креативные темы в подарок, обложки, подписи"
создать,0,классная,0,фотокнига_фотокниги,руководителю,0,онлайн в подарок,0,в виде книги,0,классное оформление онлайн,0,0,Z/ Москва / спб,"подписи, цитаты и книжный переплет"
сделать,0,тематическая,0,фотокнига_фотокниги,животных,0,на память,0,любимых питомцев,0,варианты тематического оформления для питомцев,0,0,Z/ Москва / спб,"библиотека тем, фонов, стикеров и обложек"
сделать,0,крутая,0,фотокнига_фотокниги,для парня,0,своими руками на день рождения,0,для крутых фото,0,идеи крутого оформления своими руками,0,0,Z/ Москва / спб,удобный онлайн редактор для фотографий
купить,0,Z,0,фотокнига_фотокниги,первый для девочки,0,на заказ в интернете,0,для фото первого года жизни,0,нежное оформление на заказ,0,0,Z/ Москва / спб,"разные переплеты, красивый дизайн"
заказать онлайн,0,шуточная,0,фотокнига_фотокниги,детский мир,0,в интернет-магазине,0,без кармашков,0,шуточный дизайн,0,0,Z/ Москва / спб,страницы с шуточными темами и идеями
заказать,0,большая детская,0,фотокнига_фотокниги,на крестины,0,в интернете,0,для больших и маленьких фото,0,темы дизайна для фотографий,0,0,Z/ Москва / спб,большие детские форматы
оформить онлайн,0,детская,0,фотокнига_фотокниги,от 0 до года,0,на сайте,0,для фото,0,детские темы оформления,0,0,Z/ Москва / спб,детский дизайн страниц и обложек
купить,0,новорожденная,0,фотокнига_фотокниги,"привет, я родился",0,в интернет-магазине ручной работы,0,для фотографий первого года жизни,0,оформление и дизайн для новорожденных,0,0,Z/ Москва / спб,"записи, фоны, стикеры для первого года жизни"
сделать,0,самодельная,0,фотокнига_фотокниги,на рождение ребенка,0,своими руками пошагово на компьютере,0,с фото,0,мастер-классы по оформлению самодельных тем,0,0,Z/ Москва / спб,электронная программа с описанием
создать,0,декоративная,0,фотокнига_фотокниги,на рождение,0,как подарок на день рождения,0,моя семья,0,примеры декоративного оформления на день рождения,0,0,Z/ Москва / спб,"декоративные обложки, фоны, стикеры"
заказать,0,белая,0,фотокнига_фотокниги,беременности,0,на память,0,для черно-белых фото,0,белые темы для оформления ч/б фотографий,0,0,Z/ Москва / спб,"монохромные страницы, бумажные листы"
создать,0,самая лучшая,0,фотокнига_фотокниги,для семейной пары,0,в подарок на юбилей свадьбы,0,на 200 фото,0,идеи оформления для самых лучших фото,0,0,Z/ Москва / спб,самые лучшие поздравления и конкурсы
заказать,0,глянцевая,0,фотокнига_фотокниги,для средней школы,0,в подарок ученикам школы,0,для фото,0,глянцевая и матовая ламинация для обложек,0,0,Z/ Москва / спб,изготовление в типографии
оформить,0,винтажная,0,фотокнига_фотокниги,под старину,0,на компьютере самостоятельно,0,для старинных фотографий,0,винтажный стиль оформления ретро фотографий,0,0,Z/ Москва / спб,"надписи, поздравления,комментарии"
заказать,0,стильная,0,фотокнига_фотокниги,для организации,0,онлайн,0,для фотографий,0,стильный дизайн онлайн,0,0,Z/ Москва / спб,печать в типографии на заказ
заполнить,0,праздничная,0,фотокнига_фотокниги,мой любимый детский сад,0,самостоятельно онлайн,0,тема сказка,0,праздничные темы,0,0,Z/ Москва / спб,пошаговые инструкции для самостоятельного оформления
сделать,0,белая,0,фотокнига_фотокниги,невесты,0,своими руками на память о свадьбе,0,для черно-белых фотографий,0,стильное оформление,0,0,Z/ Москва / спб,"эскизы, черно-белые листы, бумажные страницы"
оформить,0,красивая дорогая,0,фотокнига_фотокниги,на золотую свадьбу,0,онлайн своими руками в подарок родителям,0,с фотографиями на юбилей свадьбы,0,дорогое оформление,0,0,Z/ Москва / спб,"красивые надписи, фразы, комментарии"
заказать,0,однотонная,0,фотокнига_фотокниги,для бизнеса,0,на заказ онлайн,0,недорого,0,однотонное оформление,0,0,Z/ Москва / спб,"фоны, готовые макеты"
сделать,0,памятная,0,фотокнига_фотокниги,отпуска,0,на память о путешествии,0,для фотографий,0,темы памятного путешествия,0,0,Z/ Москва / спб,"выбор фонов, обложек на память об отпуске"
создать,0,родословная,0,фотокнига_фотокниги,для внучки,0,на память о семье,0,в виде книги,0,идеи оформления родословной книги,0,0,Z/ Москва / спб,"типы переплетов, форматы, макеты"
создать,0,качественная,0,фотокнига_фотокниги,на год отношений,0,в подарок,0,с фото и комментариями,0,качественное изготовление для подарка,0,0,Z/ Москва / спб,"качественные программы, векторы, графика, акварель"
сделать,0,детская,0,фотокнига_фотокниги,принцессы,0,своими руками,0,с фотографиями малышки,0,детское сказочное оформление,0,0,Z/ Москва / спб,удобный онлайн редактор для детских фотографий малышей
оформить,0,школьная,0,фотокнига_фотокниги,для гимназии,0,онлайн на сайте,0,с фотографиями учеников,0,идеи школьного дизайна онлайн,0,0,Z/ Москва / спб,инструкции по оформлению школьных фото
оформить,0,зимняя,0,фотокнига_фотокниги,отдыха,0,онлайн на компьютере самостоятельно,0,с фото семьи,0,зимние темы графического оформления на компьютере,0,0,Z/ Москва / спб,"зимние и летние фоны, акварельные и графические обложки"
сделать,0,спортивная,0,фотокнига_фотокниги,для подростка,0,на заказ онлайн,0,с фото на тему спорт,0,спортивный дизайн онлайн,0,0,Z/ Москва / спб,"акции, распродажи, пошаговые инструкции"
заказать,0,дорожная,0,фотокнига_фотокниги,путешественника,0,онлайн,0,с фото путешествия,0,дорожные темы оформления фотографий из путешествия,0,0,Z/ Москва / спб,"удобный онлайн редактор, готовые страницы"
купить,0,милая,0,фотокнига_фотокниги,первый год жизни малыша,0,на заказ онлайн,0,для первых фотографий,0,милые темы оформления,0,0,Z/ Москва / спб,"картинки, стикеры, обложки"
скачать,0,вертикальная,0,фотокнига_фотокниги,от года до 7 лет,0,на сайте в интернете,0,для разных фото,0,темы для вертикальных страниц,0,0,Z/ Москва / спб,"вертикальные форматы, онлайн-редактор"
заказать,0,дизайнерская,0,фотокнига_фотокниги,история нашей любви,0,как подарок любимому своими руками,0,для совместных фото,0,дизайнерское оформление от профессионалов,0,0,Z/ Москва / спб,"дизайнерские картинки графики, акварели и фотосъемок"
заказать,0,небольшая,0,фотокнига_фотокниги,на годик,0,своими руками,0,небольшого формата 20х20,0,небольшие форматы,0,0,Z/ Москва / спб,"темы, фоны, обложки для небольших альбомов"
сделать,0,скетчбук,0,фотокнига_фотокниги,для подруги на день рождения,0,в подарок своими руками,0,с фотографиями,0,готовые темы оформления скетчбука своими руками,0,0,Z/ Москва / спб,"фоторамки, украшения, декор"
создать,0,памятная,0,фотокнига_фотокниги,воспитателю,0,в подарок на память от родителей и детей,0,с фото,0,темы для памятных подарков,0,0,Z/ Москва / спб,памятные фразы и выражения для родителей и детей.
заказать,0,мужская,0,фотокнига_фотокниги,для папы,0,онлайн в подарок,0,с подписями для фотографий,0,варианты мужского стиля в интернете,0,0,Z/ Москва / спб,"портреты, подписи, слова с мужскими поздравлениями"
купить,0,школьная,0,фотокнига_фотокниги,первый раз в первый класс,0,в интернете,0,для фотографий класса,0,примеры школьного оформления для первоклашек,0,0,Z/ Москва / спб,"слова, школьные цитаты, подписи"
сделать,0,подарочная,0,фотокнига_фотокниги,"до свидания, детский сад",0,своими руками,0,для фотографий детей,0,темы для подарочного оформления фото детей,0,0,Z/ Москва / спб,"подписи, стихи, подарочные коробки"
заказать,0,традиционная,0,фотокнига_фотокниги,для дочери,0,в интернете онлайн,0,для фото,0,традиционный дизайн для фотографий,0,0,Z/ Москва / спб,"традиционные темы, обложки, переплеты"
оформить онлайн,0,Z,0,фотокнига_фотокниги,для сына,0,онлайн в интернете,0,в подарок с фотографиями,0,идеи оформления онлайн фотографий,0,0,Z/ Москва / спб,"обложки, страницы, портреты"
сделать,0,семейная,0,фотокнига_фотокниги,для мамы,0,в подарок,0,с местом для записей,0,идеи дизайна для семьи,0,0,Z/ Москва / спб,"темы,обложки, фоны для записей"