title,"${setText(w1, 'Купить')}  ${setText(w2, 'детский')}  ${setText(w3, 'фотоальбом')} ${setText(w4, ' на выпускной')} ${setText(w9s, ' в Москве ')} .${setText(w3s, 'Фотоальбомы')}  ${setText(w6, 'для фото ')}  ${setText(w5, 'онлайн ')} . Цены. Печать.${setText(w7, 'Оформление ')} . ${setText(w10, 'Обложки ')} .",,,,,,,,,,,,,,
description,"${setText(w2, 'Детский ')}  ${setText(w3, 'фотоальбом')}  ${setText(w5, 'онлайн ')}  ${setText(w9s, ' в Москве ')}  – это U4U.ru. ${setText(w1, 'Купить')} ${setText(w3s, 'фотоальбомы')}  ${setText(w6, 'для фото ')}  можно на нашем сайте. Цена от 390 р. Бесплатные дизайн. Печать на своем производстве. ${setText(w7, 'Оформление ')} . ${setText(w10, 'Обложки ')} . ${setText(w2, 'Детский ')}  ${setText(w3, 'фотоальбом')}  ${setText(w4, 'на выпускной')}  ${setText(w5, 'онлайн')}  – это отличный подарок, его легко ${setText(w1, 'купить')}  и наслаждаться любимыми фотографиями. ${setText(w2, 'Детский ')}  ${setText(w3, 'фотоальбом')}  ${setText(w6, 'для фото ')}  ${setText(w9s, ' в Москве ')} . Работаем 24/7.${setText(w3s, 'Фотоальбомы')}  от U4U будут радовать Вас долгие годы.",,,,,,,,,,,,,,
CEO,"${setText(w2, 'Детский ')}  ${setText(w3, 'фотоальбом')} ${setText(w4, ' на выпускной')} ${setText(w9s, ' в Москве ')}  - недорогой и желанный подарок для любого человека, который можно ${setText(w1, 'купить')}  на нашем сайте. Большое разнообразие вариантов и возможностей нашего сервиса  порадуют даже самого взыскательного заказчика.${setText(w3s, 'Фотоальбомы')}  на U4U.ru – это бесплатные шаблоны от лучших дизайнеров страны, простой онлайн редактор и печать безупречного качества. Предлагаем${setText(w7, 'оформление ')} , ${setText(w10, 'обложки ')} . Загружайте и печатайте фотографии, чтобы сохранить яркие эмоции своей жизни для себя и близких. ${setText(w2, 'Детский ')}  ${setText(w3, 'фотоальбом')}  ${setText(w5, 'онлайн ')}  ${setText(w9, ' в Москве ')}  это быстро, просто и совсем недорого. Наши цены вас порадуют – от 390 рублей за многостраничный ${setText(w3, 'фотоальбом')} . Мы постарались сделать процесс создания макета максимально простым и удобным.${setText(w3s, 'Фотоальбомы')}  ${setText(w6, 'для фото ')}  ${setText(w9s, ' в Москве ')}  – самые актуальные предложения на нашем онлайн сервисе, высокое качество печати и быстрые сроки исполнения любого заказа. Срок изготовления от 1 дня. ${setText(w2, 'Детский ')}  ${setText(w3, 'фотоальбом')}  легко ${setText(w1, 'купить')}  и сохранить бесценные воспоминания на долгие годы. ${setText(w2, 'Детский ')}  ${setText(w3, 'фотоальбом')}  ${setText(w6, 'для фото ')}  ${setText(w5, 'онлайн ')}  ${setText(w9s, ' в Москве ')}  - это печать на собственном современном производстве. Удобная упаковка. Доставка по России ${setText(w9i, 'и Москве ')} курьером, почтой и в пункты самовывоза. Бесплатный самовывоз из офиса U4U в Москве. Мы информируем заказчика о каждом этапе прохождения и готовности его заказа SMS или e-mail уведомлениями.${setText(w3s, 'Фотоальбомы')} ${setText(w4, ' на выпускной')} ${setText(w9s, ' в Москве ')}  - это ваша история на нашем сайте. Сохраняйте драгоценные моменты жизни для себя и будущих поколений с фотоальбомами от U4U.ru.",,,,,,,,,,,,,,
купить,0,детский,0,фотоальбом_фотоальбомы/альбом_альбомы,на выпускной,0,на заказ,0,для фото,0,идеи на выпускной,0,0,Z/ Москва/ спб/ Екатеринбург/ Новосибирск,"обложки, страницы, детский дизайн"
сделать,0,выпускной,0,фотоальбом_фотоальбомы/альбом_альбомы,в детский сад,0,в интернете,0,своими руками,0,оформление,0,0,Z/ Москва/ спб/ Екатеринбург/ Новосибирск,"страницы, шаблоны на выпускной, онлайн-редактор"
скачать,0,школьный,0,фотоальбом_фотоальбомы/альбом_альбомы,класса,0,в интернет магазине,0,с фотографиями,0,изготовление для школы,0,0,Z/ Москва/ спб/ Екатеринбург/ Новосибирск,"подписи, школьные цитаты, оформление"
заказать,0,скрапбукинг,0,фотоальбом_фотоальбомы/альбом_альбомы,для начинающих,0,онлайн,0,в виде книги,0,создание,0,0,Z/ Москва/ спб/ Екатеринбург/ Новосибирск,"программа создания, примеры скрапбукинг оформления"
создать,0,Z,0,фотоальбом_фотоальбомы/альбом_альбомы,лета,0,ручной работы,0,на заказ,0,оформление и создание для печати,0,0,Z/ Москва/ спб/ Екатеринбург/ Новосибирск,"размеры, блоки для фото, шаблоны"
купить в магазине,0,магнитный,0,фотоальбом_фотоальбомы/альбом_альбомы,года,0,в интернете,0,для фото,0,темы для магнитных фото первого года,0,0,Z/ Москва/ спб/ Екатеринбург/ Новосибирск,"разные шаблоны, примеры оформления"
оформить,0,новорожденный,0,фотоальбом_фотоальбомы/альбом_альбомы,первого года,0,на сайте,0,10х15,0,оформление своими руками для новорожденных,0,0,Z/ Москва/ спб/ Екатеринбург/ Новосибирск,"качественная бумага, твердый переплет"
сделать,0,красивый,0,фотоальбом_фотоальбомы/альбом_альбомы,на выпускной в детский сад,0,своими руками пошагово,0,в виде книги,0,мастер-классы,0,0,Z/ Москва/ спб/ Екатеринбург/ Новосибирск,"красивые фона, надписи, стихи"
сделать своими руками,0,дорогой,0,фотоальбом_фотоальбомы/альбом_альбомы,выпускника,0,онлайн,0,на 200 фото,0,идеи дорогого оформления,0,0,Z/ Москва/ спб/ Екатеринбург/ Новосибирск,"названия, подписи, стихи"
оформить,0,первый,0,фотоальбом_фотоальбомы/альбом_альбомы,для новорожденного,0,на заказ,0,на 500 фотографий,0,идеи первого оформления своими руками,0,0,Z/ Москва/ спб/ Екатеринбург/ Новосибирск,"тексты, первые стихи, заголовки"
смотреть,0,частный,0,фотоальбом_фотоальбомы/альбом_альбомы,Z,0,на компьютере,0,с фотографиями,0,просмотр частных тем оформления,0,0,Z/ Москва/ спб/ Екатеринбург/ Новосибирск,"подписи, тексты, заголовки"
напечатать,0,семейный,0,фотоальбом_фотоальбомы/альбом_альбомы,на юбилей,0,своими руками,0,недорого,0,"поздравления, стихи для семьи",0,0,Z/ Москва/ спб/ Екатеринбург/ Новосибирск,"семейный дизайн, рамки, стикеры"
распечатать,0,школьный,0,фотоальбом_фотоальбомы/альбом_альбомы,ребенка,0,на заказ,0,самому,0,профессиональная печать в типографии,0,0,Z/ Москва/ спб/ Екатеринбург/ Новосибирск,"образцы, примеры работ для школы"
загрузить,0,большой,0,фотоальбом_фотоальбомы/альбом_альбомы,для школы,0,своими руками пошагово для начинающих,0,для фото,0,стиль и идеи оформления,0,0,Z,"большие форматы, шаблоны, надписи"
посмотреть,0,белый,0,фотоальбом_фотоальбомы/альбом_альбомы,для девушки,0,в подарок,0,на 500 фото,0,"изготовление на заказ, белое оформление",0,0,Z/ Москва/ спб/ Екатеринбург/ Новосибирск,"образцы, большая галерея белых тем"
изготовить,0,школьный,0,фотоальбом_фотоальбомы/альбом_альбомы,4 класс,0,на память,0,для фотографий 10х15,0,проекты для школы,0,0,Z/ Москва/ спб/ Екатеринбург/ Новосибирск,"поздравления, школьные подписи"
сделать на заказ,0,свадебный,0,фотоальбом_фотоальбомы/альбом_альбомы,на свадьбу,0,в магазине,0,с подписями,0,свадебное изготовление молодоженам,0,0,Z/ Москва/ спб/ Екатеринбург/ Новосибирск,"твердая обложка, свадебный переплет"
создать онлайн,0,новогодний,0,фотоальбом_фотоальбомы/альбом_альбомы,для девочки,0,2021,0,на 600 фото,0,"новогоднее оформление, примеры новогоднего дизайна",0,0,Z/ Москва/ спб/ Екатеринбург/ Новосибирск,мягкий и твердый переплеты
посмотреть,0,хороший,0,фотоальбом_фотоальбомы/альбом_альбомы,9 класс,0,разных видов,0,на 300 фото,0,с хорошим оформлением внутри,0,0,Z/ Москва/ спб/ Екатеринбург/ Новосибирск,простой онлайн редактор
создать и напечатать,0,бумажный,0,фотоальбом_фотоальбомы/альбом_альбомы,первого года,0,А4,0,в книжном переплете,0,мастер-класс для начинающих,0,0,Z/ Москва/ спб/ Екатеринбург/ Новосибирск,"бумажные страницы, надежный переплет"
купить А4,0,индивидуальный,0,фотоальбом_фотоальбомы/альбом_альбомы,11 класс,0,на кольцах,0,с текстом,0,с индивидуальным оформление страниц,0,0,Z/ Москва/ спб/ Екатеринбург/ Новосибирск,"стихи, надписи, индивидуальные цитаты"
сделать пошагово для начинающих,0,детский,0,фотоальбом_фотоальбомы/альбом_альбомы,малыша,0,онлайн бесплатно,0,в коробке,0,оформление листов для детей,0,0,Z/ Москва/ спб/ Екатеринбург/ Новосибирск,"заголовоки, детские подписи к фотографиям"
купить недорого в интернете,0,подарочный,0,фотоальбом_фотоальбомы/альбом_альбомы,для женщины,0,на заказ,0,для снимков,0,подарочное оформление внутри своими руками,0,0,Z/ Москва/ спб/ Екатеринбург/ Новосибирск,"слова, фразы из жизни, подарочные надписи"
купить формата А4,0,школьный,0,фотоальбом_фотоальбомы/альбом_альбомы,выпускника детского сада,0,своими руками пошагово,0,в виде резентации,0,"изготовление для выпускников, школьные темы",0,0,Z/ Москва/ спб/ Екатеринбург/ Новосибирск,"промокоды, акции, школьные скидки"
оформить,0,военный,0,фотоальбом_фотоальбомы/альбом_альбомы,1941 - 1945,0,в интернете,0,c описанием,0,военное оформление,0,0,Z/ Москва/ спб/ Екатеринбург/ Новосибирск,"онлайн редактор, военные темы дизайна"
оформить,0,личный,0,фотоальбом_фотоальбомы/альбом_альбомы,для мальчика,0,для начинающих,0,с записями,0,личные темы оформления,0,0,Z/ Москва/ спб/ Екатеринбург/ Новосибирск,фоторедактор для начинающих
создать,0,именной,0,фотоальбом_фотоальбомы/альбом_альбомы,семья,0,отзывы,0,на 10 фото,0,"именные варианты оформления, идеи",0,0,Z/ Москва/ спб/ Екатеринбург/ Новосибирск,программа для создания именного дизайна
сделать,0,маленький,0,фотоальбом_фотоальбомы/альбом_альбомы,на рождение,0,своими руками,0,в виде книги,0,"оформление надписями, темы для маленьких",0,0,Z/ Москва/ спб/ Екатеринбург/ Новосибирск,маленький мир фотографий своими руками
сделать пошагово для начинающих,0,первый для новорожденного,0,фотоальбом_фотоальбомы/альбом_альбомы,скрапбукинг своими руками,0,с фото своими руками,0,20 листов,0,мастер-класс по изготовлению,0,0,Z/ Москва/ спб/ Екатеринбург/ Новосибирск,"шаблоны для фотоблоков, первый дизайн для новорожденных"
изготовить,0,памятный,0,фотоальбом_фотоальбомы/альбом_альбомы,на выпускной 11 класс,0,в наборе,0,в виде книги,0,"описание, памятное оформление",0,0,Z/ Москва/ спб/ Екатеринбург/ Новосибирск,"размеры фото, разные форматы"
сделать,0,школьный,0,фотоальбом_фотоальбомы/альбом_альбомы,на выпускной 9 класс,0,как серия,0,на 300 фотографий,0,школьные поздравления,0,0,Z/ Москва/ спб/ Екатеринбург/ Новосибирск,форматы фотографий для школы
оформить,0,армейский,0,фотоальбом_фотоальбомы/альбом_альбомы,армия,0,Z,0,на 10 фотографий,0,армейские темы оформления обложки,0,0,Z/ Москва/ спб/ Екатеринбург/ Новосибирск,"размеры фотографий, блоки, армейские шаблоны"
оформить,0,мини,0,фотоальбом_фотоальбомы/альбом_альбомы,image art,0,с телефона,0,на 1000 фотографий,0,мини темы для оформления с телефона,0,0,Z/ Москва/ спб/ Екатеринбург/ Новосибирск,стандарные и мини размеры
купить,0,оригинальный,0,фотоальбом_фотоальбомы/альбом_альбомы,на день рождения,0,на официальном сайте,0,на 200 фотографий,0,оригинальные темы оформления,0,0,Z/ Москва/ спб/ Екатеринбург/ Новосибирск,"виды, форматы, переплеты, оригинальный дизайн"
купить,0,классический,0,фотоальбом_фотоальбомы/альбом_альбомы,первого года жизни,0,заказ в виде книги,0,на 600 фотографий,0,классическая фотопечать на заказ,0,0,Z/ Москва/ спб/ Екатеринбург/ Новосибирск,"блоки для фото, классический твердый переплет"
скачать бесплатно,0,цифровой,0,фотоальбом_фотоальбомы/альбом_альбомы,Z,0,ru,0,на 400 фото,0,изготовление на заказ с цифрового носителя,0,0,Z,цифровые бесплатные программы на русском
заказать,0,именной на заказ,0,фотоальбом_фотоальбомы/альбом_альбомы,для любимой,0,с темой любовь,0,на 100 фото,0,"онлайн загрузка фото, именные темы на заказ",0,0,Z/ Москва/ спб/ Екатеринбург/ Новосибирск,"переплеты, размеры, обложки"
сделать,0,памятный на заказ,0,фотоальбом_фотоальбомы/альбом_альбомы,для мужчины,0,самостоятельно на компьютере,0,на 36 фото,0,памятное арт оформление,0,0,Z/ Москва/ спб/ Екатеринбург/ Новосибирск,"развороты, страницы, обложки"
создать,0,прикольный,0,фотоальбом_фотоальбомы/альбом_альбомы,индивидуальный выпускников детского сада,0,пошагово,0,на 400 фотографий,0,прикольное оформление для фото,0,0,Z/ Москва/ спб/ Екатеринбург/ Новосибирск,"стандартные размеры, прикольные темы"
заказать,0,женский,0,фотоальбом_фотоальбомы/альбом_альбомы,для подруги,0,на официальном сайте,0,20 фото,0,женский дизайн,0,0,Z/ Москва/ спб/ Екатеринбург/ Новосибирск,каталог примеров работ для женщины
создать онлайн,0,морской,0,фотоальбом_фотоальбомы/альбом_альбомы,путешествия,0,бесплатно,0,с морской темой,0,печать разноформатных фотографий из путешествия,0,0,Z/ Москва/ спб/ Екатеринбург/ Новосибирск,"морские обложки, страницы, стикеры"
купить недорого,0,стильный,0,фотоальбом_фотоальбомы/альбом_альбомы,для новорожденного первый год,0,с записями,0,на 50 фотографий,0,печать в типографии,0,0,Z/ Москва/ спб/ Екатеринбург/ Новосибирск,"стильные шаблоны, блоки, стикеры бесплатно"
купить,0,красивый,0,фотоальбом_фотоальбомы/альбом_альбомы,цветов,0,в подарок,0,на 20 фотографий,0,красивое цветочное оформление,0,0,Z/ Москва/ спб/ Екатеринбург/ Новосибирск,"темы цветов, природы, времен года"
сделать,0,свадебный,0,фотоальбом_фотоальбомы/альбом_альбомы,скрапбукинг пошагово,0,своими руками пошагово с фото,0,на 100 фотографий,0,оформление своими руками,0,0,Z/ Москва/ спб/ Екатеринбург/ Новосибирск,заготовки для свадебного оформления
скачать,0,электронный,0,фотоальбом_фотоальбомы/альбом_альбомы,начальная школа,0,бесплатно,0,самостоятельно,0,электронный просмотр вариантов,0,0,Z/ Москва/ спб/ Екатеринбург/ Новосибирск,электронные тексты на русском языке
заказать,0,юбилейный,0,фотоальбом_фотоальбомы/альбом_альбомы,родителям,0,недорого в интернете,0,быстро,0,варианты юбилейного оформления,0,0,Z/ Москва/ спб/ Екатеринбург/ Новосибирск,проекты работ юбилейного дизайна
купить недорого,0,семейный,0,фотоальбом_фотоальбомы/альбом_альбомы,для старых фотографий,0,на заказ,0,хорошего качества,0,оформление семейных фото,0,0,Z/ Москва/ спб/ Екатеринбург/ Новосибирск,удобный онлайн сервис
купить,0,готовый,0,фотоальбом_фотоальбомы/альбом_альбомы,для больших фотографий,0,в интернет-магазине,0,недорого,0,примеры готового оформления,0,0,Z/ Москва/ спб/ Екатеринбург/ Новосибирск,готовые подписи к фотографиям
купить,0,первый,0,фотоальбом_фотоальбомы/альбом_альбомы,1 год,0,в интернет-магазине,0,срочно,0,первое изготовление,0,0,Z/ Москва/ спб/ Екатеринбург/ Новосибирск,"первые стихи, надписи, тексты"
смотреть,0,смешной,0,фотоальбом_фотоальбомы/альбом_альбомы,детские годы,0,видео,0,30х30,0,смешные поздравления для детей,0,0,Z/Москва / спб,"шаблоны страниц, индивидуальные обложки"
оформить,0,выпускной,0,фотоальбом_фотоальбомы/альбом_альбомы,школьные годы,0,в электронном виде,0,с разными форматами фотографий,0,оформление страниц для выпускного,0,0,Z/Москва / спб,подписи к выпускным фотографиям
найти,0,школьный,0,фотоальбом_фотоальбомы/альбом_альбомы,выпускника школы,0,на заказ,0,для фото,0,школьное оформление бесплатно,0,0,Z/Москва / спб,галерея работ
создать,0,бумажный,0,фотоальбом_фотоальбомы/альбом_альбомы,для выпускника 4 класса,0,на выпуск,0,с бумажными страницами,0,создание в группе,0,0,Z/Москва / спб,"картинки, стикеры, фоны"
сделать самому,0,выпускной,0,фотоальбом_фотоальбомы/альбом_альбомы,для выпускника 9 класса,0,из фотографий на заказ,0,дешево,0,стоимость,0,0,Z/Москва / спб,рамки для фото
собрать,0,выпускной,0,фотоальбом_фотоальбомы/альбом_альбомы,для выпускника 11 класса,0,создание онлайн,0,для разных фото,0,оформление своими руками на выпускной,0,0,Z/Москва / спб,бесплатная программа для создания выпускных тем
составить,0,семейный,0,фотоальбом_фотоальбомы/альбом_альбомы,для семейных фото,0,бесплатно,0,своими руками,0,мастер-класс по оформлению семейных фотографий,0,0,Z/Москва / спб,"цитаты, семейные фразы, стихи"
заказать,0,домашний,0,фотоальбом_фотоальбомы/альбом_альбомы,крещение,0,в интернете,0,с кармашками,0,оформление страниц для домашних тем,0,0,Z/Москва / спб,"конструктор, онлайн редактор для домашнего дизайна"
сделать,0,домашний,0,фотоальбом_фотоальбомы/альбом_альбомы,для старых фото,0,в подарок,0,в стиле винтаж,0,идеи оформления для дома,0,0,Z/Москва / спб,"форзацы, рамки, стикеры для старых фотографий"
сделать,0,розовый,0,фотоальбом_фотоальбомы/альбом_альбомы,для новорожденной девочки,0,самому,0,с картонными страницами,0,розовый дизайн,0,0,Z/Москва / спб,"розовые страницы для девочки, нежные обложки и стикеры"
создать и напечатать,0,детский,0,фотоальбом_фотоальбомы/альбом_альбомы,для новорожденного мальчика,0,на сайте,0,на 500 фотографий 10х15,0,темы оформления для детей,0,0,Z/Москва / спб,"подложки под фото, рамочки, стикеры для мальчиков"
заказать,0,школьный,0,фотоальбом_фотоальбомы/альбом_альбомы,школьника,0,в интернет-магазине,0,на 30 листов,0,изготовление на заказ,0,0,Z/Москва / спб,"переплет на пружине, на скрепке, книжный переплет"
заказать,0,черный,0,фотоальбом_фотоальбомы/альбом_альбомы,на 10 фото,0,почтой,0,на 50 листов,0,темы с черным дизайном и фоном,0,0,Z/Москва / спб,"первая страница, обложки, черные фоны"
оформить,0,книжный,0,фотоальбом_фотоальбомы/альбом_альбомы,на 20 фото,0,бесплатно,0,для фото,0,книжные темы оформления,0,0,Z/Москва / спб,книжный переплет в виде блокнота
создать,0,свадебный,0,фотоальбом_фотоальбомы/альбом_альбомы,на 36 фото,0,своими руками пошагово с фото,0,в стиле классика,0,свадебный дизайн для печати,0,0,Z/Москва / спб,"свадебный декор, рамки, фоны"
заказать,0,классический,0,фотоальбом_фотоальбомы/альбом_альбомы,семейных фотографий,0,недорого в интернете,0,в ретро стиле,0,классическое оформление фотографий,0,0,Z/Москва / спб,"фоторамки, классические украшения и фоны"
оформить,0,простой,0,фотоальбом_фотоальбомы/альбом_альбомы,скрапбукинг своими руками пошагово,0,бесплатно,0,для начинающих,0,простые идеи для дизайна,0,0,Z/Москва / спб,"украшения, стикеры, текст"
оформить онлайн,0,школьный,0,фотоальбом_фотоальбомы/альбом_альбомы,ученика,0,с фото своими руками,0,5 фото,0,школьный дизайн,0,0,Z/Москва / спб,стоимость
украсить,0,новорожденный,0,фотоальбом_фотоальбомы/альбом_альбомы,своими руками для мальчика,0,для начинающих,0,для детских фото,0,темы для новорожденных малышей,0,0,Z/Москва / спб,"детские стикеры, фоторамки, подложки"
купить,0,летний,0,фотоальбом_фотоальбомы/альбом_альбомы,на выпускной цена,0,в интернете,0,для наклеивания,0,летние темы отпуска,0,0,Z/Москва / спб,"тексты, заголовки, подписи к фото с летнего отдыха"
купить,0,классический,0,фотоальбом_фотоальбомы/альбом_альбомы,для больших фото,0,на официальном сайте,0,в переплете,0,классическое изготовление,0,0,Z/Москва / спб,"тематика, классические стили и темы"
посмотреть,0,тематический,0,фотоальбом_фотоальбомы/альбом_альбомы,для наклеивания фотографий,0,в интернете,0,с темой СССР,0,тематические страницы на разные темы,0,0,Z/Москва / спб,"фоны с темой СССР, обложки, стикеры"
создать,0,семейный,0,фотоальбом_фотоальбомы/альбом_альбомы,семьи своими руками,0,пошагово,0,для стандартного размера фотографий,0,создание для печати,0,0,Z/Москва / спб,программа на русском языке для семейного использования
украсить,0,первый,0,фотоальбом_фотоальбомы/альбом_альбомы,1 класс,0,для школы,0,20х30,0,первые темы и дизайн,0,0,Z/Москва / спб,"хранение, упаковка, доставка"
скачать,0,любительский,0,фотоальбом_фотоальбомы/альбом_альбомы,2 класс,0,в интернете,0,с перелистыванием страниц,0,варианты любительского оформления,0,0,Z/Москва / спб,схемы шаблонов для любителей
купить,0,картонный,0,фотоальбом_фотоальбомы/альбом_альбомы,3 класс,0,онлайн,0,на 10 фотографий,0,картонный дизайн,0,0,Z/Москва / спб,детские обложки из картона с фотографией
создать,0,современный,0,фотоальбом_фотоальбомы/альбом_альбомы,5 класс,0,онлайн,0,на 400 фотографий 10х15,0,современный стиль оформления,0,0,Z/Москва / спб,"заставки, современные фоны, украшения страниц"
оформить онлайн,0,общий,0,фотоальбом_фотоальбомы/альбом_альбомы,6 класс,0,на сайте,0,на 100 фото 10х15,0,бесплатное оформление,0,0,Z/Москва / спб,вырианты обложек для общих фотографий
создать,0,новый,0,фотоальбом_фотоальбомы/альбом_альбомы,7 класс,0,наш класс,0,недорого,0,новый дизайн,0,0,Z/Москва / спб,"профессиональная верстка, новые макеты"
оформить,0,красный,0,фотоальбом_фотоальбомы/альбом_альбомы,8 класс,0,самостоятельно,0,с записями,0,красный цвет в дизайне,0,0,Z/Москва / спб,"красные темы, фоны, стикеры"
создать в группе,0,совместный,0,фотоальбом_фотоальбомы/альбом_альбомы,10 класс,0,одноклассников,0,осень,0,совместное создание для печати,0,0,Z/Москва / спб,варианты дизайна для совместного оформления
найти,0,открытый,0,фотоальбом_фотоальбомы/альбом_альбомы,2 года малыша,0,недорого в интернете,0,с темой космос,0,открытый просмотр тем и оформления,0,0,Z/Москва / спб,"материалы, бумага, обложки"
посмотреть,0,распечатанный,0,фотоальбом_фотоальбомы/альбом_альбомы,3 года,0,в подарок,0,с фото,0,распечатанные примеры на сайте,0,0,Z/Москва / спб,крепление фотографий на распечатанных разворотах
сделать онлайн,0,необычный,0,фотоальбом_фотоальбомы/альбом_альбомы,4 года,0,онлайн,0,на 15 фотографий,0,необычное оформление,0,0,Z/Москва / спб,большой выбор необычных идей
создать,0,крафтовый,0,фотоальбом_фотоальбомы/альбом_альбомы,5 лет,0,онлайн,0,в стиле крафт,0,крафтовые идеи и темы,0,0,Z/Москва / спб,примеры оформления крафтовых проектов
напечатать,0,твердый,0,фотоальбом_фотоальбомы/альбом_альбомы,6 лет,0,из фотографий на заказ,0,на 100 фотографий 10х15,0,высокое качество исполнения,0,0,Z/Москва / спб,твердый переплет
смотреть онлайн,0,поларойдный,0,фотоальбом_фотоальбомы/альбом_альбомы,7 лет,0,в интернете,0,с темой поларойд,0,описание поларойдной темы,0,0,Z/Москва / спб,"шаблоны, обложки"
создать онлайн,0,интересный,0,фотоальбом_фотоальбомы/альбом_альбомы,10 лет,0,самому,0,на 200 фотографий 10х15,0,интересное оформление,0,0,Z/Москва / спб,"макеты, интересный дизайн"
купить,0,необычный,0,фотоальбом_фотоальбомы/альбом_альбомы,18 лет,0,онлайн в интернете,0,для разных фотографий,0,необычное оформление,0,0,Z/Москва / спб,примеры необычного дизайна
заказать,0,именной,0,фотоальбом_фотоальбомы/альбом_альбомы,20 лет,0,в подарок,0,на 600 страниц,0,именное изготовление на заказ,0,0,Z/Москва / спб,"различные переплеты, форматы, именной дизайн"
купить недорого,0,черно-белый,0,фотоальбом_фотоальбомы/альбом_альбомы,25 лет,0,в интернете на сайте,0,для фотографий,0,черно-белое оформление фотографий,0,0,Z/Москва / спб,примеры черно-белого дизайна
оформить онлайн,0,красивый своими руками,0,фотоальбом_фотоальбомы/альбом_альбомы,30 лет,0,пошагово,0,на 100 страниц,0,красивые темы оформления своими руками,0,0,Z/Москва / спб,"красивые фоны, обложки, декор"
заказать,0,юбилейный,0,фотоальбом_фотоальбомы/альбом_альбомы,40 лет,0,на официальном сайте,0,для фото,0,юбилейные темы оформления,0,0,Z/Москва / спб,дизайн для праздников и юбилеев
купить онлайн,0,дорогой,0,фотоальбом_фотоальбомы/альбом_альбомы,50 лет,0,на заказ в интернете,0,для фотографий,0,примеры дорогого оформления,0,0,Z/Москва / спб,дорогой премиум дизайн
заказать,0,классический,0,фотоальбом_фотоальбомы/альбом_альбомы,60 лет,0,онлайн,0,в стиле классика,0,классическое оформление для печати,0,0,Z/Москва / спб,выбор идей для классического стиля
создать,0,архивный,0,фотоальбом_фотоальбомы/альбом_альбомы,70 лет,0,на заказ в интернете,0,на 100 страниц,0,оформление для печати,0,0,Z/Москва / спб,примеры архивных альбомов с фотографиями
создать,0,выпускной,0,фотоальбом_фотоальбомы/альбом_альбомы,на последний звонок,0,формата А4,0,с фотографиями,0,примеры оформления для выпускных,0,0,Z/Москва / спб,стиль для выпускных вечеров
заказать,0,женский,0,фотоальбом_фотоальбомы/альбом_альбомы,на юбилей женщине,0,на сайте в интернете,0,с подписями,0,оформление для женщин,0,0,Z/Москва / спб,женские темы
заказать,0,именной,0,фотоальбом_фотоальбомы/альбом_альбомы,на юбилей мужчине,0,онлайн в интернете,0,для фото в классическом стиле,0,оформление,0,0,Z/Москва / спб,выбор именного стиля и темы
оформить,0,детский,0,фотоальбом_фотоальбомы/альбом_альбомы,праздника,0,бесплатно,0,своими руками,0,примеры детского оформления,0,0,Z/Москва / спб,большой выбор идей для детей
издать,0,дорогой,0,фотоальбом_фотоальбомы/альбом_альбомы,премиум,0,на заказ,0,на 300 фотографий 10х15,0,дорогое оформление онлайн,0,0,Z/Москва / спб,примеры дорогого дизайна
создать онлайн,0,первый,0,фотоальбом_фотоальбомы/альбом_альбомы,1 год жизни,0,для ребенка на сайте,0,для фото,0,первые темы оформления для ребенка,0,0,Z/Москва / спб,примеры дизайна
создать онлайн,0,для выпускников,0,фотоальбом_фотоальбомы/альбом_альбомы,на выпускной 4 класс,0,в интернете онлайн,0,в твердом переплете,0,школьные темы оформления для выпускников,0,0,Z/Москва / спб,фоны для презентации
сделать,0,приватный,0,фотоальбом_фотоальбомы/альбом_альбомы,любимому,0,своими руками пошагово,0,с подписями фотографий,0,приватное оформление для печати онлайн,0,0,Z/Москва / спб,красивые слова и надписи
купить,0,памятный,0,фотоальбом_фотоальбомы/альбом_альбомы,городов,0,на память на сайте,0,фотографиями,0,памятные страницы и оформления,0,0,Z/Москва / спб,запоминающиеся обложки
сделать самому,0,подарочный,0,фотоальбом_фотоальбомы/альбом_альбомы,для новорожденного первый год,0,по месяцам,0,с фото,0,подарочный дизайн,0,0,Z/Москва / спб,простой редакподарочное оформление
купить,0,мужской,0,фотоальбом_фотоальбомы/альбом_альбомы,для друга,0,в подарок,0,с черными страницами,0,брутальное мужское оформление,0,0,Z/Москва / спб,"надписи к фотографиям, мужской стиль"
сделать,0,домашний,0,фотоальбом_фотоальбомы/альбом_альбомы,бабушке,0,в винтажном стиле,0,для черно-белых фотографий,0,домашнее оформление для печати,0,0,Z/Москва / спб,выбор обложек и домашнего стиля
сделать,0,памятный,0,фотоальбом_фотоальбомы/альбом_альбомы,дедушке,0,на память о семье,0,для старых фотографий,0,памятное оформление,0,0,Z/Москва / спб,различные переплеты
сделать,0,стандартный,0,фотоальбом_фотоальбомы/альбом_альбомы,для начинающих,0,своими руками пошагово,0,для фото различных форматов,0,стандартные шаблоны и темы оформления страниц,0,0,Z/Москва / спб,простой редактор
оформить онлайн,0,первый,0,фотоальбом_фотоальбомы/альбом_альбомы,первоклассника,0,на память о школе,0,с веселыми подписями,0,красивые темы оформления,0,0,Z/Москва / спб,первые школьные обложки
сделать,0,семейный,0,фотоальбом_фотоальбомы/альбом_альбомы,родителям,0,на память в подарок,0,с надписями к фото,0,темы оформления,0,0,Z/Москва / спб,классический дизайн
заказать,0,свадебный,0,фотоальбом_фотоальбомы/альбом_альбомы,молодоженов,0,онлайн в интернете,0,на 200 фото 10х15,0,свадебное оформление,0,0,Z/Москва / спб,"красивые обложки, дизайнерские страницы"
создать,0,эксклюзивный,0,фотоальбом_фотоальбомы/альбом_альбомы,для фотографов,0,на сайте на заказ,0,для фотографий,0,эксклюзивные варианты оформления,0,0,Z/Москва / спб,"удобный редактор, готовые шаблоны"
заказать,0,печатный,0,фотоальбом_фотоальбомы/альбом_альбомы,мужу,0,в интернет магазине,0,с подписями к фотографиям,0,печатные макеты для типографии,0,0,Z/Москва / спб,"красивые страницы для печати, обложки"
посмотреть,0,детский,0,фотоальбом_фотоальбомы/альбом_альбомы,baby,0,в интернете,0,дневник,0,примеры детского оформления,0,0,Z/Москва / спб,"детские фоны, обложки, украшалки"
оформить,0,военный,0,фотоальбом_фотоальбомы/альбом_альбомы,ко Дню Победы,0,на сайте,0,с темой войны,0,примеры военного оформления,0,0,Z/Москва / спб,лаконичный дизайн ко Дню Победы
купить,0,большой семейный,0,фотоальбом_фотоальбомы/альбом_альбомы,на годовщину свадьбы,0,в подарок,0,дешево,0,примеры семейного оформления для больших фотографий,0,0,Z/Москва / спб,"стильные обложки, большие форматы"
оформить,0,индивидуальный,0,фотоальбом_фотоальбомы/альбом_альбомы,выпускника детского сада,0,онлайн на сайте,0,на 30 фото,0,индивидуальные варианты оформления,0,0,Z/Москва / спб,"простой редактор, индивидуальные страницы и обложки"
купить,0,винтажный,0,фотоальбом_фотоальбомы/альбом_альбомы,сестре,0,онлайн в интернете,0,на 40 фото,0,винтажные стили оформления,0,0,Z/Москва / спб,винтажный ретро-дизайн
сделать,0,яркий,0,фотоальбом_фотоальбомы/альбом_альбомы,в виде книги,0,своими руками на заказ,0,для ярких фотографий,0,яркий стиль оформления для фото,0,0,Z/Москва / спб,"яркие фоны, обложки, темы"
создать,0,виртуальный,0,фотоальбом_фотоальбомы/альбом_альбомы,детство,0,онлайн,0,с перелыстыванием страниц,0,виртуальное оформление,0,0,Z/Москва / спб,простой онлайн-редактор
заказать,0,школьный,0,фотоальбом_фотоальбомы/альбом_альбомы,1 сентября,0,на официальном сайте онлайн,0,для празничных фото,0,школьные фоны и темы дизайна,0,0,Z/Москва / спб,бесплатное оформление
оформить,0,комбинированный,0,фотоальбом_фотоальбомы/альбом_альбомы,для новорожденного первый год жизни,0,самому,0,на стандартный размер фото 15х21 и 10х15,0,примеры комбинированного оформления,0,0,Z/Москва / спб,комбинированные темы дизайн
купить,0,веселый,0,фотоальбом_фотоальбомы/альбом_альбомы,первый год малыша,0,на заказ,0,для детских фото из жизни малыша,0,веселые страницы для печати,0,0,Z/Москва / спб,веселый дизайн для ребенка
создать,0,памятный,0,фотоальбом_фотоальбомы/альбом_альбомы,коллеге,0,на память на заказ,0,в виде открытки,0,памятные темы и идеи оформления,0,0,Z/Москва / спб,красивая упаковка
купить,0,креативный,0,фотоальбом_фотоальбомы/альбом_альбомы,для влюбленных,0,любимому в подарок,0,с фотографиями,0,креативное оформление,0,0,Z/Москва / спб,"креативные темы, обложки, подписи"
создать,0,классный,0,фотоальбом_фотоальбомы/альбом_альбомы,руководителю,0,онлайн в подарок,0,в виде книги,0,классное оформление,0,0,Z/Москва / спб,"подписи, стихи, цитаты"
сделать,0,тематический,0,фотоальбом_фотоальбомы/альбом_альбомы,животных,0,на память,0,любимых питомцев,0,варианты тематического оформления и печати,0,0,Z/Москва / спб,"библиотека тем, фонов, стикеров и обложек"
сделать,0,крутой,0,фотоальбом_фотоальбомы/альбом_альбомы,для парня,0,своими руками на день рождения,0,для крутых фото,0,идеи крутого оформления,0,0,Z/Москва / спб,удобный онлайн редактор
купить,0,Z,0,фотоальбом_фотоальбомы/альбом_альбомы,первый для девочки,0,на заказ в интернете,0,для фото первого года жизни,0,нежное оформление,0,0,Z/Москва / спб,"разные переплеты, красивый дизайн"
заказать онлайн,0,шуточный,0,фотоальбом_фотоальбомы/альбом_альбомы,детский мир,0,в интернет-магазине,0,без кармашков,0,шуточный дизайн для оформления,0,0,Z/Москва / спб,бумажные страницы с шуточными темами
заказать,0,большой детский,0,фотоальбом_фотоальбомы/альбом_альбомы,на крестины,0,в интернете,0,для больших и маленьких фото,0,темы оформления для детей,0,0,Z/Москва / спб,большие детские форматы
оформить онлайн,0,детский,0,фотоальбом_фотоальбомы/альбом_альбомы,от 0 до года,0,на сайте,0,для фото,0,детские темы оформления,0,0,Z/Москва / спб,детский дизайн страниц и обложек
купить,0,новорожденный,0,фотоальбом_фотоальбомы/альбом_альбомы,"привет, я родился",0,в интернет-магазине ручной работы,0,для фотографий первого года жизни,0,оформление и дизайн для новорожденных,0,0,Z/Москва / спб,"записи, фоны, стикеры"
сделать,0,самодельный,0,фотоальбом_фотоальбомы/альбом_альбомы,на рождение ребенка,0,своими руками пошагово на компьютере,0,с фото,0,мастер-классы по оформлению самодельных тем,0,0,Z/Москва / спб,электронная программа
создать,0,декоративный,0,фотоальбом_фотоальбомы/альбом_альбомы,на рождение,0,как подарок на день рождения,0,моя семья,0,примеры декоративного оформления своими руками,0,0,Z/Москва / спб,"декоративные обложки, фоны, стикеры"
заказать,0,белый,0,фотоальбом_фотоальбомы/альбом_альбомы,беременности,0,на память,0,для черно-белых фото,0,стильное оформление белых тем,0,0,Z/Москва / спб,"белые страницы, бумажные листы"
создать,0,самый лучший,0,фотоальбом_фотоальбомы/альбом_альбомы,для семейной пары,0,в подарок на юбилей свадьбы,0,на 200 фото,0,идеи оформления для самых лучших фото,0,0,Z/Москва / спб,"конкурсы, самые лучшие поздравления"
заказать,0,глянцевый,0,фотоальбом_фотоальбомы/альбом_альбомы,для средней школы,0,в подарок ученикам школы,0,для фото,0,глянцевая и матовая ламинация для обложек,0,0,Z/Москва / спб,производство и печать в типографии
оформить,0,винтажный,0,фотоальбом_фотоальбомы/альбом_альбомы,под старину,0,на компьютере самостоятельно,0,для старинных фотографий,0,винтажный стиль оформления,0,0,Z/Москва / спб,надписи и поздравления
заказать,0,стильный,0,фотоальбом_фотоальбомы/альбом_альбомы,для организации,0,онлайн,0,для фотографий,0,стильный дизайн,0,0,Z/Москва / спб,печать в типографии
заполнить,0,праздничный,0,фотоальбом_фотоальбомы/альбом_альбомы,мой любимый детский сад,0,самостоятельно,0,тема сказка,0,праздничное оформление,0,0,Z/Москва / спб,пошаговые инструкции оформления самостоятельно
сделать,0,белый,0,фотоальбом_фотоальбомы/альбом_альбомы,невесты,0,своими руками на память о свадьбе,0,для черно-белых фотографий,0,черно-белое оформление,0,0,Z/Москва / спб,"эскизы, белые листы, бумажные страницы"
оформить,0,красивый дорогой,0,фотоальбом_фотоальбомы/альбом_альбомы,на золотую свадьбу,0,онлайн своими руками в подарок родителям,0,с фотографиями на юбилей свадьбы,0,дорогое оформление,0,0,Z/Москва / спб,"красивые надписи, фразы, стихи"
заказать,0,однотонный,0,фотоальбом_фотоальбомы/альбом_альбомы,для бизнеса,0,на заказ онлайн,0,недорого,0,однотонное оформление,0,0,Z/Москва / спб,"фоны для оформления, готовые однотонные макеты"
сделать,0,памятный,0,фотоальбом_фотоальбомы/альбом_альбомы,отпуска,0,на память о путешествии,0,для фотографий,0,памятные темы оформления для путешествия,0,0,Z/Москва / спб,"выбор фонов, обложек на память об отпуске"
создать,0,родословный,0,фотоальбом_фотоальбомы/альбом_альбомы,для внучки,0,на память о семье,0,в виде книги,0,идеи оформления родословной книги,0,0,Z/Москва / спб,"типы, форматы, переплеты"
создать,0,качественный,0,фотоальбом_фотоальбомы/альбом_альбомы,на год отношений,0,в подарок,0,с фото и комментариями,0,качественное изготовление,0,0,Z/Москва / спб,"качественные программы, векторы, графика, акварель"
сделать,0,детский,0,фотоальбом_фотоальбомы/альбом_альбомы,принцессы,0,своими руками,0,с фотографиями малышки,0,детское сказочное оформление,0,0,Z/Москва / спб,удобный онлайн редактор для детских фотографий
оформить,0,школьный,0,фотоальбом_фотоальбомы/альбом_альбомы,для гимназии,0,онлайн на сайте,0,с фотографиями учеников,0,идеи для школьного дизайна,0,0,Z/Москва / спб,инструкции по оформлению школьных фото
оформить,0,зимний,0,фотоальбом_фотоальбомы/альбом_альбомы,отдыха,0,онлайн на компьютере самостоятельно,0,с фото семьи,0,зимние темы графического оформления,0,0,Z/Москва / спб,"зимние фоны, акварельные обложки"
сделать,0,спортивный,0,фотоальбом_фотоальбомы/альбом_альбомы,для подростка,0,на заказ онлайн,0,с фото на тему спорт,0,спортивный дизайн,0,0,Z/Москва / спб,"акции, распродажи, пошаговые инструкции"
заказать,0,дорожный,0,фотоальбом_фотоальбомы/альбом_альбомы,путешественника,0,онлайн,0,с фото путешествия,0,дорожные темы оформления,0,0,Z/Москва / спб,"удобный онлайн редактор, готовые дорожные страницы"
купить,0,милый,0,фотоальбом_фотоальбомы/альбом_альбомы,первый год жизни малыша,0,на заказ онлайн,0,для первых фотографий,0,милые темы оформления,0,0,Z/Москва / спб,"картинки, стикеры, обложки"
скачать,0,вертикальный,0,фотоальбом_фотоальбомы/альбом_альбомы,от года до 7 лет,0,на сайте в интернете,0,для разных фото,0,темы для вертикальных страниц,0,0,Z/Москва / спб,"вертикальные форматы, онлайн-редактор"
заказать,0,дизайнерский,0,фотоальбом_фотоальбомы/альбом_альбомы,история нашей любви,0,как подарок любимому своими руками,0,для совместных фото,0,дизайнерское оформление от профессионалов,0,0,Z/Москва / спб,дизайнерские картинки для оформления
заказать,0,небольшой,0,фотоальбом_фотоальбомы/альбом_альбомы,на годик,0,своими руками,0,небольшого формата 20х20,0,небольшие форматы,0,0,Z/Москва / спб,"темы, фоны, подписи для небольших альбомов"
сделать,0,скетчбук,0,фотоальбом_фотоальбомы/альбом_альбомы,для подруги на день рождения,0,в подарок своими руками,0,с фотографиями,0,готовые темы оформления скетчбука,0,0,Z/Москва / спб,"фоторамки, украшения, декор"
создать,0,памятный,0,фотоальбом_фотоальбомы/альбом_альбомы,воспитателю,0,в подарок на память от родителей и детей,0,с фото,0,темы для памятных подарков,0,0,Z/Москва / спб,памятные фразы и выражения
заказать,0,мужской,0,фотоальбом_фотоальбомы/альбом_альбомы,для папы,0,онлайн в подарок,0,с подписями для фотографий,0,варианты мужского стиля,0,0,Z/Москва / спб,"портреты, надписи, слова с мужскими поздравлениями"
купить,0,школьный,0,фотоальбом_фотоальбомы/альбом_альбомы,первый раз в первый класс,0,в интернете,0,дешево,0,примеры школьного оформления для первоклашек,0,0,Z/Москва / спб,"слова, школьные стихи, подписи"
сделать,0,подарочный,0,фотоальбом_фотоальбомы/альбом_альбомы,"до свидания, детский сад",0,своими руками,0,для фотографий детей,0,подарочные темы для оформления,0,0,Z/Москва / спб,"подписи, стихи, подарочные коробки"
заказать,0,традиционный,0,фотоальбом_фотоальбомы/альбом_альбомы,для дочери,0,в интернете онлайн,0,для фото,0,традиционный дизайн,0,0,Z/Москва / спб,"традиционные темы, обложки, переплеты"
оформить онлайн,0,Z,0,фотоальбом_фотоальбомы/альбом_альбомы,для сына,0,онлайн в интернете,0,в подарок с фотографиями,0,идеи оформления онлайн фотографий,0,0,Z/Москва / спб,"обложки, страницы, портреты"
сделать,0,семейный,0,фотоальбом_фотоальбомы/альбом_альбомы,для мамы,0,в подарок,0,с местом для записей,0,идеи оформления для семьи,0,0,Z/Москва / спб,"семейные темы,обложки, стикеры, надписи"