title,"${setText(w3, 'Фотокнига')} ${setText(w4, 'на выпускной')} ${setText(w6, 'на заказ')} ${setText(w1, 'купить')} на U4U.ru. ${setText(w2, 'Детская')} ${setText(w3, 'фотокнига')} ${setText(w6, 'для фото')} ${setText(w9s, 'в Москве')}. ${setText(w7, 'Оформление')}. ${setText(w10, 'Обложки')}. Цены. Печать на своем производстве.",,,,,,,,,,,,,,
description,"${setText(w3, 'Фотокнига')} ${setText(w4, 'на выпускной')} ${setText(w6, 'для фото')} сохранит счастливые моменты жизни. ${setText(w1, 'Купить')} ${setText(w3s, 'фотокниги')} можно на нашем сайте. Цены на печать от 390 р. ${setText(w9s, 'в Москве')}. Предлагаем ${setText(w7, 'оформление')}. ${setText(w10, 'Обложки')}. ${setText(w2, 'Детская')} ${setText(w3, 'фотокнига')} ${setText(w5, 'на заказ')} – для красивых фотографий. ${setText(w3, 'Фотокнига')} ${setText(w4, 'на выпускной')}, ее легко ${setText(w1, 'купить')} для красивых фотографий. Бесплатные шаблоны и макеты.  ${setText(w3, 'Фотокнига')} ${setText(w9s, 'в Москве')} – всегда отличный и недорогой подарок. ",,,,,,,,,,,,,,
CEO,"${setText(w3s, 'Фотокниги’)} - это отличная идея для хорошего подарка ребенку, родным или любимому человеку, который вы можете ${setText(w1, 'купить’)} на сайте нашей компании. ${setText(w3, 'Фотокнига ')} ${setText(w4, 'выпускной’)}  ${setText(w9s, 'в Москве ')} от онлайн сервиса U4U.ru – это бесплатные шаблоны от профессиональных дизайнеров высокого уровня, удобный и интуитивно понятный онлайн редактор, с которым справится даже начинающий пользователь интернета. Мы предлагаем варианты полность готовых дизайнерских макетов на разные темы с автоматическим размещением ваших фотографий. Для всей продукции мы гарантируем печать и изготовление самого высокого качества. ${setText(w2, 'Детская ')} ${setText(w3, 'фотокнига ')} ${setText(w5, 'на заказ ')} - это очень быстро, просто и совсем недорого. У нас очень доступные цены на всю продукцию – от 390 р. за многостраничную фотокнигу. Посмотрите актуальные предложения по скидкам, купонам и акциям на ${setText(w3s, 'фотокниги')} ${setText(w4, 'выпускной’)}  и другую продукцию на сайте нашей компании.  Для удобства работы заказчиков мы внедряем иновационные решения для работы редактора, постоянно расширяем галерею тем дизайна, расширяем возможности сервиса по упаковке и доставке полиграфической продукции. Предлагаем посмотреть ${setText(w7, 'оформление')}  у нас на сайте и выбрать понравившийся дизайн для своей фотокниги. Вы можете сами почувствовать себя творцом, используя инструменты для оформления своего шедевра. Все эти составляющие плюс ${setText(w10, 'обложки’)} и вы получите красивую фотокнигу практически на любую тему. ${setText(w3, 'Фотокнига ')} ${setText(w6, 'для фото’)} на U4U.ru это отличный выбор, ее можно ${setText(w1, 'купить’)}  на нашем сайте за несколько минут  и сохранить дорогие для вас воспоминания на долгие годы. Срок изготовления продукции от 1 дня. ${setText(w2, 'Детский’)} ${setText(w3, 'фотокнига ')} ${setText(w6, 'для фото’)} от фабрики фотокниг U4U - это печать на профессиональном оборудовании современного производства, недорогие цены, надежная упаковка и быстрая доставка. Доставка осуществляется по всей России, ${setText(w9a, 'Москве’)} курьером, почтой России и в пункты самовывоза. На выбор предлагаем несколько самых известных компаний по доставке с получением трек-номера вашего заказа. Для столичных жителей предусмотрен бесплатный самовывоз из офиса U4U в Москве. Для удобства заказчиков мы информируем их о каждом этапе производства и готовности заказа SMS или e-mail уведомлениями. ${setText(w3, 'Фотокнига ')} - это бесценные мгновения счастья, которые можно сохранить в памяти на долгие годы. Такой подарок придется по душе любому человеку. Сохраняйте впечатления для cебя и будущих поколений с фотокнигами U4U.ru.",,,,,,,,,,,,,,
купить,0,детская,0,фотокнига_фотокниги,на выпускной,0,на заказ,0,для фотографий с выпускного вечера,0,оформление,0,0,Z/Москва/спб/Екатеринбург/Новосибирск,"обложки, шаблоны, фоны для выпускных"
сделать,0,выпускная,0,фотокнига_фотокниги,в детский сад,0,в интернете,0,своими руками,0,идеи для детского сада,0,0,Z/Москва/спб/Екатеринбург/Новосибирск,"страницы, шаблоны для детского сада"
скачать,0,школьная,0,фотокнига_фотокниги,класса,0,в интернет магазине,0,для фото,0,создание для старшеклассников,0,0,Z/Москва/спб/Екатеринбург/Новосибирск,"надписи к фото класса, стихи, школьные цитаты"
заказать,0,скрапбукинг,0,фотокнига_фотокниги,для начинающих,0,онлайн,0,дешево,0,изготовление,0,0,Z/Москва/спб/Екатеринбург/Новосибирск/Санкт-Петербург/Воронеж/Краснодар/Нижний Новгород/Самара/Тюмень/Уфа/Ярославль/,"программа, онлайн-редактор"
создать,0,Z,0,фотокнига_фотокниги,лета,0,ручной работы,0,для фото,0,создание для печати бесплатно,0,0,Z/Москва/спб/Екатеринбург/Новосибирск/Санкт-Петербург/Воронеж/Краснодар/Нижний Новгород/Самара/Тюмень/Уфа/Ярославль/,"размеры, шаблоны, темы лета для фотографий"
купить в магазине,0,магнитная,0,фотокнига_фотокниги,года,0,через интернет,0,10х15,0,высокое качество,0,0,Z/Москва/спб/Екатеринбург/Новосибирск/Санкт-Петербург/Воронеж/Краснодар/Нижний Новгород/Самара/Тюмень/Уфа/Ярославль/,"разные шаблоны, примеры оформления, магнитные страницы"
оформить,0,новорожденная,0,фотокнига_фотокниги,первого года,0,на сайте,0,как книга,0,мастер-классы для первого года,0,0,Z/Москва/спб/Екатеринбург/Новосибирск/Санкт-Петербург/Воронеж/Краснодар/Нижний Новгород/Самара/Тюмень/Уфа/Ярославль/,"фона, надписи, стихи для новорожденного"
сделать,0,красивая,0,фотокнига_фотокниги,на выпускной в детский сад,0,своими руками пошагово,0,на 200 фото,0,оформление своими руками в детский сад,0,0,Z/Москва/спб/Екатеринбург/Новосибирск/Санкт-Петербург/Воронеж/Краснодар/Нижний Новгород/Самара/Тюмень/Уфа/Ярославль/,"качественная бумага, твердый переплет в виде выпускной книги книги"
сделать своими руками,0,дорогая,0,фотокнига_фотокниги,выпускника,0,в домашних условиях,0,на 500 фотографий,0,идеи оформления для дома,0,0,Z/Москва/спб/Екатеринбург/Новосибирск/Санкт-Петербург/Воронеж/Краснодар/Нижний Новгород/Самара/Тюмень/Уфа/Ярославль/,"названия, подписи, стихи для выпускника"
оформить,0,первая,0,фотокнига_фотокниги,для новорожденного,0,на заказ,0,недорого для фото с первого дня жизни,0,идеи оформления для новорожденного,0,0,Z/Москва/спб/Екатеринбург/Новосибирск/Санкт-Петербург/Воронеж/Краснодар/Нижний Новгород/Самара/Тюмень/Уфа/Ярославль/,"подписи, тексты, заголовки на рождение"
смотреть,0,частная,0,фотокнига_фотокниги,Z,0,на компьютере,0,самому,0,примеры оформления,0,0,Z/Москва/спб/Екатеринбург/Новосибирск/Санкт-Петербург/Воронеж/Краснодар/Нижний Новгород/Самара/Тюмень/Уфа/Ярославль/,"тексты, стихи, заголовки"
напечатать,0,семейная,0,фотокнига_фотокниги,на юбилей,0,своими руками,0,самому,0,"поздравления на юбилей, цены",0,0,Z/Москва/спб/Екатеринбург/Новосибирск/Санкт-Петербург/Воронеж/Краснодар/Нижний Новгород/Самара/Тюмень/Уфа/Ярославль/,"дизайн, фоны, рамки, стикеры для юбилея"
распечатать,0,школьная,0,фотокнига_фотокниги,ребенка,0,на заказ,0,формата 30х30 для фото,0,темы оформления для школьников,0,0,Z/Москва/спб/Екатеринбург/Новосибирск/Санкт-Петербург/Воронеж/Краснодар/Нижний Новгород/Самара/Тюмень/Уфа/Ярославль/,"примеры, образцы работ на заказ для ребенка"
загрузить,0,большая,0,фотокнига_фотокниги,для школы,0,своими руками пошагово для начинающих,0,для фото,0,стиль и идеи оформления для школы,0,0,Z/Москва/спб/Екатеринбург/Новосибирск/Санкт-Петербург/Воронеж/Краснодар/Нижний Новгород/Самара/Тюмень/Уфа/Ярославль/,"большие форматы, шаблоны и надписи"
посмотреть,0,белая,0,фотокнига_фотокниги,для девушки,0,в подарок,0,на 500 фото,0,изготовление на заказ для девушки,0,0,Z/Москва/спб/Екатеринбург/Новосибирск/Санкт-Петербург/Воронеж/Краснодар/Нижний Новгород/Самара/Тюмень/Уфа/Ярославль/,"образцы, примеры работ, большая галерея"
изготовить,0,школьная,0,фотокнига_фотокниги,4 класс,0,на память,0,для фотографий 10х15,0,"проекты, примеры дизайна для 4 класса",0,0,Z/Москва/спб/Екатеринбург/Новосибирск/Санкт-Петербург/Воронеж/Краснодар/Нижний Новгород/Самара/Тюмень/Уфа/Ярославль/,"поздравления, подписи на память для школьников"
сделать на заказ,0,свадебная,0,фотокнига_фотокниги,на свадьбу,0,в магазине,0,с подписями,0,"темы для свадьбы, изготовление молодоженам",0,0,Z/Москва/спб/Екатеринбург/Новосибирск/Санкт-Петербург/Воронеж/Краснодар/Нижний Новгород/Самара/Тюмень/Уфа/Ярославль/,мягкая и твердая обложки для фотографий из студии
создать онлайн,0,новогодняя,0,фотокнига_фотокниги,для девочки,0,2021,0,на 600 фото,0,"мастер-класс своими руками, темы на Новый год для девочки",0,0,Z/Москва/спб/Екатеринбург/Новосибирск/Санкт-Петербург/Воронеж/Краснодар/Нижний Новгород/Самара/Тюмень/Уфа/Ярославль/,"мягкая и твердая обложки, уроки оформления"
посмотреть,0,хорошая,0,фотокнига_фотокниги,9 класс,0,в виде книги инстаграмм,0,на 300 фото,0,виды оформления страниц для 9 класса,0,0,Z/Москва/спб/Екатеринбург/Новосибирск/Санкт-Петербург/Воронеж/Краснодар/Нижний Новгород/Самара/Тюмень/Уфа/Ярославль/,"редактор для создания, виды переплетов"
создать и напечатать,0,бумажная,0,фотокнига_фотокниги,первого года,0,А4,0,в книжном переплете,0,мастер-класс для начинающих первого года,0,0,Z/Москва/спб/Екатеринбург/Новосибирск/Санкт-Петербург/Воронеж/Краснодар/Нижний Новгород/Самара/Тюмень/Уфа/Ярославль/,"стихи, надписи, коллажи для формата А4"
купить,0,индивидуальная,0,фотокнига_фотокниги,11 класс,0,на кольцах,0,с текстом,0,оформление внутри страниц для 11 класса,0,0,Z/Москва/спб/Екатеринбург/Новосибирск/Санкт-Петербург/Воронеж/Краснодар/Нижний Новгород/Самара/Тюмень/Уфа/Ярославль/,"конструктор, онлайн редактор для фотосессий"
сделать пошагово для начинающих,0,детская,0,фотокнига_фотокниги,малыша баю-бай,0,онлайн бесплатно,0,в коробке foto-book,0,темы оформление листов онлайн,0,0,Z/Москва/спб/Екатеринбург/Новосибирск/Санкт-Петербург/Воронеж/Краснодар/Нижний Новгород/Самара/Тюмень/Уфа/Ярославль/,"заголовоки, стихи, подписи к фотографиям малыша"
купить недорого в интернете,0,подарочная,0,фотокнига_фотокниги,для женщины,0,жизни,0,для снимков,0,"красивое оформление внутри, темы для женщин",0,0,Z/Москва/спб/Екатеринбург/Новосибирск/Санкт-Петербург/Воронеж/Краснодар/Нижний Новгород/Самара/Тюмень/Уфа/Ярославль/,"слова, фразы, надписи для жизненных снимков"
купить,0,школьная,0,фотокнига_фотокниги,выпускника детского сада,0,своими руками пошагово,0,как презентация,0,изготовление для выпускников в виде презентации,0,0,Z/Москва/спб/Екатеринбург/Новосибирск/Санкт-Петербург/Воронеж/Краснодар/Нижний Новгород/Самара/Тюмень/Уфа/Ярославль/,"промокоды, акции, купоны на скидки для детского садика"
оформить,0,военная,0,фотокнига_фотокниги,1941 - 1945,0,жизни,0,описание,0,оформление темы военной жизни 1941-1945,0,0,Z/Москва/спб/Екатеринбург/Новосибирск/Санкт-Петербург/Воронеж/Краснодар/Нижний Новгород/Самара/Тюмень/Уфа/Ярославль/,"онлайн редактор, программа верстки"
оформить,0,личная,0,фотокнига_фотокниги,для мальчика,0,для начинающих,0,с записями,0,оформление обложки для мальчика,0,0,Z/Москва/спб/Екатеринбург/Новосибирск/Санкт-Петербург/Воронеж/Краснодар/Нижний Новгород/Самара/Тюмень/Уфа/Ярославль/,"фоторедактор, программа редактирования"
создать,0,именная,0,фотокнига_фотокниги,семьи,0,в виде небольшой книги,0,на 10 фото,0,"оформление надписями, именные отзывы для семьи",0,0,Z/Москва/спб/Екатеринбург/Новосибирск/Санкт-Петербург/Воронеж/Краснодар/Нижний Новгород/Самара/Тюмень/Уфа/Ярославль/,программа для создания
сделать,0,маленькая,0,фотокнига_фотокниги,на рождение,0,своими руками,0,в виде книги,0,варианты оформления с телефона на рождение,0,0,Z/Москва/спб/Екатеринбург/Новосибирск/Санкт-Петербург/Воронеж/Краснодар/Нижний Новгород/Самара/Тюмень/Уфа/Ярославль/,мир фотографий в виде книги
сделать пошагово для начинающих,0,первая для новорожденного,0,фотокнига_фотокниги,скрапбукинг своими руками,0,с фото от фотографа,0,20 листов,0,мастер-класс по изготовлению листов,0,0,Z/Москва/спб/Екатеринбург/Новосибирск/Санкт-Петербург/Воронеж/Краснодар/Нижний Новгород/Самара/Тюмень/Уфа/Ярославль/,"форматы, шаблоны для фотоблоков"
изготовить,0,памятная,0,фотокнига_фотокниги,на выпускной 11 класс,0,в наборе,0,в виде книги 20х30,0,"описание, красивое оформление на выпускной 11 класса",0,0,Z/Москва/спб/Екатеринбург/Новосибирск/Санкт-Петербург/Воронеж/Краснодар/Нижний Новгород/Самара/Тюмень/Уфа/Ярославль/,форматы фотографий в наборе
сделать,0,школьная,0,фотокнига_фотокниги,на выпускной 9 класс,0,в виде серии,0,на 300 фотографий,0,поздравления на выпускной 9 класса,0,0,Z/Москва/спб/Екатеринбург/Новосибирск/Санкт-Петербург/Воронеж/Краснодар/Нижний Новгород/Самара/Тюмень/Уфа/Ярославль/,"размеры фотографий, разные форматы как серия для школы"
оформить,0,армейская,0,фотокнига_фотокниги,на тему армия,0,на дембель,0,на 200 фотографий,0,оформление для армии бесплатно,0,0,Z/Москва/спб/Екатеринбург/Новосибирск/Санкт-Петербург/Воронеж/Краснодар/Нижний Новгород/Самара/Тюмень/Уфа/Ярославль/,"размеры фото, шаблоны для скачивания для фотошопа"
оформить,0,мини,0,фотокнига_фотокниги,image art,0,с телефона и Instagram,0,на 1000 фотографий,0,"загрузка фото с телефона и с инстаграмм, оформление image art",0,0,Z/Москва/спб/Екатеринбург/Новосибирск/Санкт-Петербург/Воронеж/Краснодар/Нижний Новгород/Самара/Тюмень/Уфа/Ярославль/,"нестандартные размеры, мини форматы"
купить,0,оригинальная,0,фотокнига_фотокниги,на день рождения,0,на официальном сайте,0,на 10 фотографий,0,дизайн для дня рождения на официальном сайте,0,0,Z/Москва/спб/Екатеринбург/Новосибирск/Санкт-Петербург/Воронеж/Краснодар/Нижний Новгород/Самара/Тюмень/Уфа/Ярославль/,"виды, форматы, переплеты, купоны на скидку"
купить,0,классическая,0,фотокнига_фотокниги,первого года жизни,0,заказ в виде книги,0,на 600 фотографий,0,темы оформления для малыша первого года жизни,0,0,Z/Москва/спб/Екатеринбург/Новосибирск/Санкт-Петербург/Воронеж/Краснодар/Нижний Новгород/Самара/Тюмень/Уфа/Ярославль/,твердый переплет для первой книги ребенка с фото
скачать бесплатно,0,цифровая,0,фотокнига_фотокниги,онлайн в интернете,0,ru,0,на 400 фото из социальных сетей,0,"изготовление на заказ, цифровой формат",0,0,Z/Москва/спб/Екатеринбург/Новосибирск/Санкт-Петербург/Воронеж/Краснодар/Нижний Новгород/Самара/Тюмень/Уфа/Ярославль/,бесплатные программы на русском языке
заказать,0,именная на заказ,0,фотокнига_фотокниги,для любимой,0,с темой любовь,0,на 100 фото,0,скачивание фотографий из соц.сетей,0,0,Z/Москва/спб/Екатеринбург/Новосибирск/Санкт-Петербург/Воронеж/Краснодар/Нижний Новгород/Самара/Тюмень/Уфа/Ярославль/,"переплеты, размеры, обложки для любимой"
сделать,0,памятная на заказ,0,фотокнига_фотокниги,для мужчины,0,самостоятельно на компьютере,0,на 36 фото,0,красивое арт оформление для мужчины,0,0,Z/Москва/спб/Екатеринбург/Новосибирск,"развороты, коллажи из фотографий и заставок"
создать,0,прикольная,0,фотокнига_фотокниги,индивидуальная выпускников детского сада,0,пошагово,0,на 400 фотографий,0,"печать разноформатных фотографий, индивидуальные темы",0,0,Z/Москва/спб/Екатеринбург/Новосибирск,каталог примеров работ для выпускников детского сада
заказать,0,женская,0,фотокнига_фотокниги,для подруги,0,на официальном сайте,0,20 фото,0,"печать в типографии, оформление для подруги",0,0,Z/Москва/спб/Екатеринбург/Новосибирск,стандартные размеры для фото из соц.сетей
создать онлайн,0,морская,0,фотокнига_фотокниги,путешествия,0,бесплатно самим,0,с фотографиями отпуска,0,оформление с темой море,0,0,Z/Москва/спб/Екатеринбург/Новосибирск,"программа для верстки бесплатно, купоны на скидку"
купить недорого,0,стильная,0,фотокнига_фотокниги,для новорожденного первый год,0,с записями,0,на 100 фотографий,0,образцы оформления для печати,0,0,Z/Москва/спб/Екатеринбург/Новосибирск,блоки для фотографий первого года новорожденного
купить,0,красивая,0,фотокнига_фотокниги,цветов,0,в подарок,0,на 20 фотографий,0,дизайн и цветочное оформление в подарок,0,0,Z/Москва/спб/Екатеринбург/Новосибирск,"темы природы, цветов, времен года"
сделать,0,осенняя,0,фотокнига_фотокниги,скрапбукинг пошагово,0,своими руками с фото,0,на 50 фотографий,0,дизайн на тему осень,0,0,Z/Москва/спб/Екатеринбург/Новосибирск,заготовки для сборки в фотошопе самому
скачать,0,электронная,0,фотокнига_фотокниги,для начальной школы,0,бесплатно,0,для фотошопа,0,просмотр вариантов,0,0,Z/Москва/спб/Екатеринбург/Новосибирск,"проекты работ для начальной школы, отзывы"
заказать,0,юбилейная,0,фотокнига_фотокниги,родителям,0,недорого в интернете,0,быстро,0,варианты недорогой полиграфической печати,0,0,Z/Москва/спб/Екатеринбург/Новосибирск,тексты на русском языке для родителей
купить недорого,0,семейная,0,фотокнига_фотокниги,для старых фотографий,0,на заказ,0,хорошего качества,0,печать в типографии старых позитив фотографий,0,0,Z/Москва/спб/Екатеринбург/Новосибирск,"удобный онлайн сервис, реальные отзывы"
купить,0,готовая,0,фотокнига_фотокниги,для больших фотографий,0,в интернет-магазине,0,Z,0,примеры оформления больших фотографий на сайте,0,0,Z/Москва/спб/Екатеринбург/Новосибирск,"подписи к фото, программа для верстки"
купить,0,первая,0,фотокнига_фотокниги,на 1 год,0,один из серии,0,срочно,0,"услуги полиграфии, срочное изготовление",0,0,Z/Москва/спб/Екатеринбург/Новосибирск,"стихи, надписи на 1 год, размеры для серии"
смотреть,0,смешная,0,фотокнига_фотокниги,детские годы,0,видео,0,30х30,0,"детские поздравления, видео примеры",0,0,Z/Москва/спб/Екатеринбург/Новосибирск,шаблоны страниц на тему детские годы
оформить,0,выпускная,0,фотокнига_фотокниги,школьные годы,0,в электронном виде,0,с разными форматами фотографий,0,оформление страниц школьные годы электронно,0,0,Z/Москва/спб/Екатеринбург/Новосибирск,"создание для печати бесплатно, рейтинги тем"
найти,0,школьная,0,фотокнига_фотокниги,выпускника школы,0,на заказ в интернете,0,для фото,0,"полиграфическая печать, оформление бесплатно",0,0,Z/Москва/спб/Екатеринбург/Новосибирск,галерея работ для выпускников школы
создать,0,бумажная,0,фотокнига_фотокниги,для выпускника 4 класса,0,на выпуск,0,с бумажными страницами,0,создание в группе для выпускников 4 класса,0,0,Z/Москва/спб/Екатеринбург/Новосибирск,"картинки, стикеры, фоны для начальной школы"
сделать самому,0,выпускная,0,фотокнига_фотокниги,для выпускника 9 класса,0,из фотографий на заказ,0,дешево,0,"стоимость печати, бесплатный дизайн",0,0,Z/Москва/спб/Екатеринбург/Новосибирск,рамки для фото для выпускников 9 класса
собрать,0,выпускная,0,фотокнига_фотокниги,для выпускника 11 класса,0,создание онлайн,0,для разных фото,0,оформление онлайн выпускников 11 класса,0,0,Z/Москва/спб/Екатеринбург/Новосибирск,"бесплатная программа для создания, купоны на скидки"
составить,0,семейная,0,фотокнига_фотокниги,для семейных фото,0,бесплатно,0,своими руками,0,мастер-класс по оформлению семейных фотографий,0,0,Z/Москва/спб/Екатеринбург/Новосибирск,"цитаты, реальные отзывы заказчиков"
заказать,0,домашняя,0,фотокнига_фотокниги,крещение,0,в интернете,0,с кармашками для записок,0,оформление страниц с темой крещение,0,0,Z/Москва/спб/Екатеринбург/Новосибирск,стоимость изготовления
сделать,0,домашняя,0,фотокнига_фотокниги,для старых фото,0,самостоятельно,0,в стиле винтаж,0,идеи оформления старых фотографий,0,0,Z/Москва/спб/Екатеринбург/Новосибирск,"форзацы, рамки, стикеры в ретро-стиле"
сделать,0,розовая,0,фотокнига_фотокниги,для новорожденной девочки,0,самому,0,с картонными страницами,0,темы формления для новорожденной девочки,0,0,Z/Москва/спб/Екатеринбург/Новосибирск,розовые страницы и обложки для малышки
создать и напечатать,0,детская,0,фотокнига_фотокниги,для новорожденного мальчика,0,на сайте,0,на 500 фотографий 10х15,0,темы дизайна для новорожденного мальчика,0,0,Z/Москва/спб/Екатеринбург/Новосибирск,"подложки под фото, рамочки, стикеры для малыша"
заказать,0,школьная,0,фотокнига_фотокниги,школьника,0,в интернет-магазине онлайн,0,на 30 листов,0,оформление на заказ для школьника,0,0,Z/Москва/спб/Екатеринбург/Новосибирск,"переплет на пружине, книжный переплет в твердой и мягкой обложках"
заказать,0,черная,0,фотокнига_фотокниги,на 10 фото,0,недорого онлайн,0,на 50 листов,0,оформление в виде блокнота на 10 фотографий,0,0,Z/Москва/спб,"черные листы, стильные украшения"
оформить,0,книжная,0,фотокнига_фотокниги,на 20 фото,0,бесплатно,0,для фотографий,0,идеи оформления и шаблоны бесплатно,0,0,Z/Москва/спб,"первая страница, индивидуальные обложки"
создать,0,свадебная,0,фотокнига_фотокниги,на 36 фото,0,своими руками пошагово с фото,0,в стиле классика,0,классическое оформление для печати самому,0,0,Z/Москва/спб/Екатеринбург/Новосибирск,"декор, рамки, фоны для фотографий"
заказать,0,классическая,0,фотокнига_фотокниги,для семейных фотографий,0,недорого в интернете,0,в ретро стиле,0,оформление разноформатных семейных фотографий,0,0,Z/Москва/спб/Екатеринбург/Новосибирск,"фоторамки, украшения, фоны в стиле винтаж"
оформить,0,простая,0,фотокнига_фотокниги,скрапбукинг своими руками пошагово,0,бесплатно,0,для начинающих,0,идеи оформления для начинающих,0,0,Z/Москва/спб/Екатеринбург/Новосибирск,"украшения, простой онлайн редактор для верстки"
оформить онлайн,0,школьная,0,фотокнига_фотокниги,ученика,0,с фото своими руками,0,5 фото,0,примеры оформления для ученика школы,0,0,Z/Москва/спб/Екатеринбург/Новосибирск,"программа для верстки, стоимость изготовления"
украсить,0,новорожденная,0,фотокнига_фотокниги,своими руками для мальчика,0,для начинающих,0,для детских фото,0,идеи оформления для новорожденного малыша,0,0,Z/Москва/спб/Екатеринбург/Новосибирск,"стикеры, фоторамки, дизайн для мальчика"
изготовить,0,летняя,0,фотокнига_фотокниги,на выпускной,0,в интернете,0,для наклеивания фотографий,0,цены изготовления на заказ на выпускной,0,0,Z/Москва/спб/Екатеринбург/Новосибирск,"технологии производства, стоимость изготовления"
купить,0,классическая,0,фотокнига_фотокниги,для больших фото,0,на официальном сайте,0,в переплете,0,изготовление больших фотографий в книжном переплете,0,0,Z/Москва/спб/Екатеринбург/Новосибирск,"тематика, подложки под фото, рисунки"
посмотреть,0,тематическая,0,фотокнига_фотокниги,для наклеивания фотографий,0,в интернете,0,с темой СССР,0,высокое качество печати тематических советских страниц,0,0,Z/Москва/спб/Екатеринбург/Новосибирск,крепление фотографий для наклеивания
создать,0,семейная,0,фотокнига_фотокниги,семьи своими руками,0,пошагово,0,для стандартного размера фотографий,0,стандартные форматы для оформления своими руками,0,0,Z/Москва/спб/Екатеринбург/Новосибирск,"программа на русском языке, пошаговые инструкции для семьи"
украсить,0,первая,0,фотокнига_фотокниги,1 класс,0,для школы,0,20х30,0,темы оформление формата 20х30 для 1 класса школы,0,0,Z/Москва/спб/Екатеринбург/Новосибирск,"хранение, упаковка, доставка"
скачать,0,любительская,0,фотокнига_фотокниги,2 класс,0,в интернете,0,с перелыстыванием страниц,0,варианты оформления для 2 класса,0,0,Z/Москва/спб/Екатеринбург/Новосибирск,"схемы шаблонов, темы с красивыми страницами"
купить,0,картонная,0,фотокнига_фотокниги,3 класс,0,онлайн,0,на 10 фотографий,0,изготовление для 3 класса на заказ,0,0,Z/Москва/спб/Екатеринбург/Новосибирск,"детские обложки, фона, стикеры"
создать,0,современная,0,фотокнига_фотокниги,5 класс,0,онлайн,0,на 400 фотографий 10х15,0,"бесплатное оформление, создание для 5 класса",0,0,Z/Москва/спб/Екатеринбург/Новосибирск,"заставки для фото, украшения страниц"
оформить онлайн,0,общая,0,фотокнига_фотокниги,6 класс,0,на сайте,0,на 100 фото 10х15,0,бесплатное оформление для 6 класса,0,0,Z/Москва/спб,"приложение для фотографов, редактор для создания на сайте"
создать,0,новая,0,фотокнига_фотокниги,7 класс,0,наш класс,0,недорого,0,бесплатное оформление для 7 класса,0,0,Z/Москва/спб,"профессиональная верстка, шаблоны для школы"
оформить,0,красная,0,фотокнига_фотокниги,8 класс,0,самостоятельно,0,с записями,0,самостоятельное оформление бесплатно,0,0,Z/Москва/спб,"красные темы дизайна, фоны, стикеры с надписями для 8 класса"
создать в группе,0,совместная,0,фотокнига_фотокниги,10 класс,0,одноклассников,0,с темой осень,0,совместное создание класса для печати,0,0,Z/Москва/спб,варианты осеннего дизайна для одноклассников 10 класса
найти,0,открытая,0,фотокнига_фотокниги,на 2 года малыша,0,недорого в интернете,0,с темой космос,0,космическая тема для фото печати,0,0,Z/Москва/спб,"материалы, бумага, обложки на 2 года малыша"
посмотреть,0,распечатанная,0,фотокнига_фотокниги,3 года,0,в подарок,0,15х15 с фото,0,изготовление в подарок на 3 года,0,0,Z/Москва/спб,просмотр распечатанных образцов
сделать онлайн,0,необычная,0,фотокнига_фотокниги,4 года,0,онлайн,0,на 15 фотографий,0,необычные идеи дизайна для фото,0,0,Z/Москва/спб,большой выбор идей на 4 года
создать онлайн,0,крафтовая,0,фотокнига_фотокниги,5 лет,0,бесплатно для распечатки,0,в стиле крафт,0,идеи создания на 5 лет,0,0,Z/Москва/спб,примеры оформления онлайн бесплатно
напечатать,0,твердая,0,фотокнига_фотокниги,6 лет,0,из фотографий на заказ,0,на 100 фотографий 10х15,0,печать в типографии для фото на заказ,0,0,Z/Москва/спб,высокое качество исполнения для 6 лет
смотреть онлайн,0,поларойдная,0,фотокнига_фотокниги,7 лет,0,в интернете,0,с темой поларойд,0,онлайн оформление для 7 лет,0,0,Z/Москва/спб,"шаблоны, обложки, темы поларойд"
создать онлайн,0,интересная,0,фотокнига_фотокниги,10 лет,0,самому,0,на 200 фотографий 10х15,0,темы дизайна для фотографий 10х15,0,0,Z/Москва/спб,готовые макеты на 10 лет
купить,0,необычная,0,фотокнига_фотокниги,18 лет,0,онлайн в интернете,0,для разных фотографий,0,онлайн оформление на 18 лет,0,0,Z/Москва/спб/Екатеринбург/Новосибирск,примеры дизайна для разных фото
заказать,0,именная,0,фотокнига_фотокниги,20 лет,0,в подарок,0,на 600 страниц,0,изготовление в подарок на 20 лет на заказ,0,0,Z/Москва/спб/Екатеринбург/Новосибирск,"переплеты, форматы, дизайн страниц"
купить недорого,0,черно-белая,0,фотокнига_фотокниги,25 лет,0,в интернете на сайте,0,для фотографий,0,оформление онлайн и изготовление на 25 лет,0,0,Z/Москва/спб/Екатеринбург/Новосибирск,выбор идей черно-белого дизайна
оформить онлайн,0,красивая своими руками,0,фотокнига_фотокниги,30 лет,0,пошагово,0,на 100 страниц,0,красивые темы оформления на 30 лет,0,0,Z/Москва/спб,"программа создания страниц пошагово, технология изготовления"
заказать,0,юбилейная,0,фотокнига_фотокниги,40 лет,0,на официальном сайте,0,для фото,0,юбилейное изготовление на заказ,0,0,Z/Москва/спб,темы оформления и дизайн на 40 лет
купить онлайн,0,дорогая,0,фотокнига_фотокниги,50 лет,0,на заказ в интернете,0,для фотографий,0,стили и изготовление на юбилей 50 лет,0,0,Z/Москва/спб,дизайн для оформления фото
заказать,0,классическая,0,фотокнига_фотокниги,60 лет,0,онлайн,0,в стиле классика,0,онлайн оформление для печати,0,0,Z/Москва/спб/Екатеринбург/Новосибирск,выбор идей на 60 лет
создать,0,архивная,0,фотокнига_фотокниги,70 лет,0,на заказ в интернете,0,на 100 страниц,0,оформление на юбилей 70 лет,0,0,Z/Москва/спб/Екатеринбург/Новосибирск,примеры архивных работ
создать,0,выпускная,0,фотокнига_фотокниги,на последний звонок,0,формата А4,0,с фотографиями,0,примеры оформления на последний звонок,0,0,Z/Москва/спб/Екатеринбург/Новосибирск,стиль для выпускных фото формата А4
заказать,0,женская,0,фотокнига_фотокниги,на юбилей женщине,0,на сайте в интернете,0,с подписями,0,оформление на заказ на юбилей женщине,0,0,Z/Москва/спб,"женские темы, дизайн, украшения"
заказать,0,именная,0,фотокнига_фотокниги,на юбилей мужчине,0,онлайн в интернете,0,для фото в классическом стиле,0,формление для мужчин на заказ,0,0,Z/Москва/спб,выбор стиля и рейтинг тем на юбилей
оформить,0,детская,0,фотокнига_фотокниги,праздника,0,бесплатно,0,своими руками,0,примеры оформления самостоятельно,0,0,Z/Москва/спб,большой выбор идей для детского праздника
издать,0,дорогая,0,фотокнига_фотокниги,премиум,0,на заказ,0,на 300 фотографий 10х15,0,премиум дизайн для профессиональной печати,0,0,Z/Москва/спб,примеры оформления фото 10х15
создать онлайн,0,первая,0,фотокнига_фотокниги,1 год жизни,0,для ребенка на сайте,0,для фото,0,темы оформления на 1 год жизни ребенка,0,0,Z/Москва/спб,редактор для создания дизайна
создать онлайн,0,для выпускников,0,фотокнига_фотокниги,на выпускной 4 класс,0,в интернете онлайн,0,в твердом переплете,0,школьные темы оформления для 4 класса,0,0,Z/Москва/спб/Екатеринбург/Новосибирск,фоны для презентации выпускников начальной школы
сделать,0,приватная,0,фотокнига_фотокниги,любимому,0,своими руками пошагово,0,с подписями фотографий,0,оформление в печать для любимого человека,0,0,Z/Москва/спб/Екатеринбург/Новосибирск,"подписи к фото, фразы, выражения."
купить,0,памятная,0,фотокнига_фотокниги,городов,0,на память на сайте,0,с фотографиями,0,красивые страницы с темами городов,0,0,Z/Москва/спб/Екатеринбург/Новосибирск,запоминающиеся обложки с фото на память
сделать самому,0,подарочная,0,фотокнига_фотокниги,для новорожденного первый год,0,по месяцам,0,с фото,0,оформление для новорожденного первого года,0,0,Z/Москва/спб/Екатеринбург/Новосибирск,программы и шаблоны для фотографий по месяцам
купить,0,мужская,0,фотокнига_фотокниги,для друга,0,в подарок,0,с черными страницами,0,оформление страниц для мужчин,0,0,Z/Москва/спб/Екатеринбург/Новосибирск,"подписи к фотографиям друга, мужской стиль"
сделать,0,домашняя,0,фотокнига_фотокниги,бабушке,0,в винтажном стиле,0,для черно-белых фотографий,0,ретро оформление старых фото для бабушки,0,0,Z/Москва/спб/Екатеринбург/Новосибирск,выбор обложек и ретро дизайна
сделать,0,памятная,0,фотокнига_фотокниги,дедушке,0,на память о семье,0,с местом для записей,0,оформление страниц для дедушки,0,0,Z/Москва/спб,различные переплеты для старинных фото семьи
сделать,0,стандартная,0,фотокнига_фотокниги,для начинающих,0,своими руками пошагово,0,для фото различных форматов,0,стандартные шаблоны и дизайн страниц самим,0,0,Z/Москва/спб/Екатеринбург/Новосибирск,простой редактор фотографий для начинающих
оформить онлайн,0,первая,0,фотокнига_фотокниги,первоклассника,0,на память о школе,0,с веселыми подписями,0,красивые темы оформления для первоклассника,0,0,Z/Москва/спб/Екатеринбург/Новосибирск,первые школьные обложки
сделать,0,семейная,0,фотокнига_фотокниги,родителям,0,на память в подарок,0,с надписями к фото,0,семейные темы оформления,0,0,Z/Москва/спб/Екатеринбург/Новосибирск,классический дизайн
заказать,0,свадебная,0,фотокнига_фотокниги,молодоженов,0,онлайн в интернете,0,на 200 фото 10х15,0,свадебное оформление для молодоженов на 200 фотографий,0,0,Z/Москва/спб/Екатеринбург/Новосибирск,"красивые обложки, дизайнерские онлайн страницы"
создать,0,эксклюзивная,0,фотокнига_фотокниги,для фотографов,0,на сайте на заказ,0,для фотографий,0,варианты оформления для фото на заказ,0,0,Z/Москва/спб/Екатеринбург/Новосибирск,"удобный редактор для фотографов, готовые шаблоны"
заказать,0,печатная,0,фотокнига_фотокниги,мужу,0,в интернет магазине,0,с подписями к фотографиям,0,дизайн для мужа,0,0,Z/Москва/спб/Екатеринбург/Новосибирск,красивые печатные обложки и страницы внутри
посмотреть,0,детская,0,фотокнига_фотокниги,baby,0,в интернете,0,как дневник малыша,0,примеры оформления baby дневника ребенка,0,0,Z/Москва/спб/Екатеринбург/Новосибирск,"фоны, обложки, страницы для малышей"
оформить,0,военная,0,фотокнига_фотокниги,ко Дню Победы,0,на сайте,0,с темой войны,0,примеры оформления темы войны ко Дню Победы,0,0,Z/Москва/спб/Екатеринбург/Новосибирск,лаконичный военный дизайн
купить,0,большая семейная,0,фотокнига_фотокниги,на годовщину свадьбы,0,в подарок,0,для больших фото,0,примеры оформления на годовщину свадьбы,0,0,Z/Москва/спб/Екатеринбург/Новосибирск,"стильные обложки, страницы, подписи"
оформить,0,индивидуальная,0,фотокнига_фотокниги,выпускника детского сада,0,онлайн на сайте,0,на 30 фото,0,варианты оформления для выпускников детского сада,0,0,Z/Москва/спб/Екатеринбург/Новосибирск,"простой онлайн редактор, страницы и обложки для детей"
купить,0,винтажная,0,фотокнига_фотокниги,сестре,0,онлайн в интернете,0,на 40 фото,0,разные стили ретро оформления любимой сестре,0,0,Z/Москва/спб/Екатеринбург/Новосибирск,дизайн для фотографий
сделать,0,яркая,0,фотокнига_фотокниги,в виде книги,0,своими руками на заказ,0,для фотографий,0,оформление фото для книги на заказ,0,0,Z/Москва/спб/Екатеринбург/Новосибирск,"красивые фоны, обложки, удобный редактор"
создать,0,виртуальная,0,фотокнига_фотокниги,детство,0,онлайн,0,с электронным перелыстыванием страниц,0,оформление в стиле детство,0,0,Z/Москва/спб/Екатеринбург/Новосибирск,простой редактор для работы в интернете
заказать,0,школьная,0,фотокнига_фотокниги,1 сентября,0,на официальном сайте онлайн,0,для празничных фото,0,изготовление на заказ в типографии на 1 сентября,0,0,Z/Москва/спб,бесплатное праздничное оформление
оформить,0,комбинированная,0,фотокнига_фотокниги,для новорожденного первый год жизни,0,самому,0,на стандартный размер фото 15х21 и 10х15,0,примеры для новорожденного первого года жизни,0,0,Z/Москва/спб,дизайн для малышей
купить,0,веселая,0,фотокнига_фотокниги,на первый год малыша,0,на заказ,0,для детских фото из жизни первого года малыша,0,профессиональное изготовление на заказ,0,0,Z/Москва/спб,первый дизайн для ребенка
создать,0,памятная,0,фотокнига_фотокниги,коллеге,0,на память на заказ,0,в виде открытки,0,"идеи оформления для коллеги, изготовление на заказ",0,0,Z/Москва/спб,красивая упаковка на память
купить,0,креативная,0,фотокнига_фотокниги,для влюбленных,0,любимому в подарок,0,с фотографиями,0,оформление совместных фотографий любимому,0,0,Z/Москва/спб,"темы для влюбленных, названия, подписи, стихи к фото"
создать,0,классная,0,фотокнига_фотокниги,руководителю,0,онлайн в подарок,0,в виде книги,0,оформление онлайн как книга,0,0,Z/Москва/спб,"подписи, стихи, цитаты руководителю"
сделать,0,тематическая,0,фотокнига_фотокниги,животных,0,на память,0,любимых питомцев,0,варианты оформления для животных,0,0,Z/Москва/спб,"библиотека фонов, стикеров, обложек для ваших питомцев"
сделать,0,крутая,0,фотокнига_фотокниги,для парня,0,своими руками на день рождения,0,для крутых фото,0,идеи оформления для парня на день рождения,0,0,Z/Москва/спб,простой онлайн редактор для фотографий
купить,0,Z,0,фотокнига_фотокниги,первая для девочки,0,на заказ в интернете,0,для фото первого года жизни,0,оформление для девочки в нежных тонах,0,0,Z/Москва/спб,"разные переплеты, красивый дизайн, подарочные сертификаты"
заказать онлайн,0,шуточная,0,фотокнига_фотокниги,детский мир,0,в интернет-магазине,0,без кармашков,0,детское оформление онлайн,0,0,Z/Москва/спб,страницы с подписями к фотографиям
заказать,0,большая детская,0,фотокнига_фотокниги,на крестины,0,в интернете,0,для больших и маленьких фотографий,0,темы оформления крестин,0,0,Z/Москва/спб,"шаблоны, страницы со стихами для детей"
оформить онлайн,0,детская,0,фотокнига_фотокниги,от 0 до года,0,на сайте,0,для фото,0,темы оформления страниц для малышей от 0 до года,0,0,Z/Москва/спб,"милый дизайн, обложеки и фоны для самых маленьких"
купить,0,новорожденная,0,фотокнига_фотокниги,"привет, я родился",0,в интернет-магазине ручной работы,0,для фотографий первого года жизни,0,"дизайн для новорожденных - привет, я родился!",0,0,Z/Москва/спб,"темы, фоны, стикеры для ручного оформления"
сделать,0,самодельная,0,фотокнига_фотокниги,на рождение ребенка,0,своими руками пошагово,0,с фото,0,мастер-классы по оформлению самому на компьютере,0,0,Z/Москва/спб,электронная программа для ваших фотографий
создать,0,декоративная,0,фотокнига_фотокниги,на рождение,0,как подарок на день рождения,0,моя семья,0,примеры оформления в виде открытки для семьи,0,0,Z/Москва/спб/ Екатеринбург/ Новосибирск,надписи и поздравления для дня рождения
заказать,0,белая,0,фотокнига_фотокниги,беременности,0,на память,0,для характерных фото,0,оформление на память о беременности,0,0,Z/Москва/спб,"страницы, фоны, блоки фотографий"
создать,0,самая лучшая,0,фотокнига_фотокниги,для семейной пары,0,в подарок на юбилей свадьбы,0,на 200 фото,0,темы оформления на юбилей,0,0,Z/Москва/спб,"конкурсы, бонусы, скидки для семейных пар"
заказать,0,глянцевая,0,фотокнига_фотокниги,для средней школы,0,в подарок ученикам школы,0,для фото,0,варианты оформления для средней школы,0,0,Z/Москва/спб,производство и печать в типографии
оформить,0,винтажная,0,фотокнига_фотокниги,под старину,0,на компьютере самостоятельно,0,для старинных фотографий,0,темы оформление под старину,0,0,Z/Москва/спб,программа для самостоятельной верстки фото
заказать,0,стильная,0,фотокнига_фотокниги,для организации,0,онлайн,0,для фотографий,0,печать в типографии,0,0,Z/Москва/спб,бесплатные шаблоны онлайн для организации
заполнить,0,праздничная,0,фотокнига_фотокниги,мой любимый детский сад,0,самостоятельно,0,темы сказок,0,самостоятельное изготовление для детского сада,0,0,Z/Москва/спб,"сказочные фоны, темы и страницы"
сделать,0,белая,0,фотокнига_фотокниги,невесты,0,своими руками на память о свадьбе,0,для черно-белых фотографий,0,белый стиль оформления для невесты,0,0,Z/Москва/спб,эскизы для страниц и разворотов
оформить,0,красивая дорогая,0,фотокнига_фотокниги,на золотую свадьбу,0,онлайн своими руками в подарок родителям,0,с фотографиями на юбилей свадьбы,0,"оформление премиум класса, подписи, поздравления и стихи",0,0,Z/Москва/спб,подарочные сертификаты на золотую свадьбу
заказать,0,однотонная,0,фотокнига_фотокниги,для бизнеса,0,на заказ онлайн,0,недорого,0,"примеры оформления, галерея идей",0,0,Z/Москва/спб,"фоны, готовые макеты для бизнеса"
сделать,0,памятная,0,фотокнига_фотокниги,отпуска,0,на память о путешествии,0,для фотографий,0,темы для оформления фото из отпуска,0,0,Z/Москва/спб,"типы, форматы, переплеты"
создать,0,родословная,0,фотокнига_фотокниги,для внучки,0,на память о семье,0,в виде книги,0,идеи дизайна в виде книги внучке,0,0,Z/Москва/спб,пошаговые инструкции оформления
создать,0,качественная,0,фотокнига_фотокниги,на год отношений,0,в подарок,0,с фото и комментариями,0,качественный дизайн для фотографий на год отношений,0,0,Z/Москва/спб,"векторы, шаблоны, стикеры для влюбленных"
сделать,0,детская,0,фотокнига_фотокниги,принцессы,0,своими руками,0,с фотографиями малышки,0,сказочное оформление фото принцессы,0,0,Z/Москва/спб/Екатеринбург/Новосибирск,обложки с фотографиями малышки
оформить,0,школьная,0,фотокнига_фотокниги,для гимназии,0,онлайн на сайте,0,с фотографиями учеников,0,идеи дизайна для учеников гимназии,0,0,Z/Москва/спб,"инструкции по оформлению, готовые шаблоны"
оформить,0,зимняя,0,фотокнига_фотокниги,отдыха,0,онлайн на компьютере самостоятельно,0,с фото семьи,0,темы для оформления фотографий семьи с зимнего отдыха,0,0,Z/Москва/спб,онлайн редактор для работы самому
сделать,0,спортивная,0,фотокнига_фотокниги,для подростка,0,на заказ онлайн,0,с фото на тему спорт,0,спортивные темы для фотографий подростка,0,0,Z/Москва/спб,"акции, распродажи, подарочные сертификаты"
заказать,0,дорожная,0,фотокнига_фотокниги,путешественника,0,онлайн,0,с фото путешествия,0,темы дизайна для путешественника,0,0,Z/Москва/спб,"удобный онлайн редактор для фотографий, готовые шаблоны"
купить,0,милая,0,фотокнига_фотокниги,первый год жизни малыша,0,на заказ онлайн,0,для первых фотографий,0,дизайн для оформления фото первого года жизни,0,0,Z/Москва/спб,"картинки, стикеры, обложки для детей"
скачать,0,вертикальная,0,фотокнига_фотокниги,от года до 7 лет,0,на сайте в интернете,0,для разных фото,0,проекты оформления фотографий от года и до 7 лет,0,0,Z/Москва/спб,примеры фотосессий детей
заказать,0,дизайнерская,0,фотокнига_фотокниги,история нашей любви,0,как подарок любимому своими руками,0,для совместных фото,0,варианты дизайна для оформления самостоятельно,0,0,Z/Москва/спб,картинки для оформления совместных фотографий
заказать,0,небольшая,0,фотокнига_фотокниги,на годик,0,своими руками,0,небольшого формата 20х20,0,темы оформления небольших проектов для детей,0,0,Z/Москва/спб,"шаблоны для форматов 20х20, 30х20, 30х30"
сделать,0,скетчбук,0,фотокнига_фотокниги,для подруги на день рождения,0,в подарок своими руками,0,с фотографиями,0,готовые темы оформления фото на день рождения,0,0,Z/Москва/спб,"фоторамки, украшения, декор для подруги"
создать,0,памятная,0,фотокнига_фотокниги,воспитателю,0,в подарок на память от родителей и детей,0,с фото,0,профессиональная печать фотографий для подарка,0,0,Z/Москва/спб,"красивые фразы для воспитателей, родителей и детей"
заказать,0,мужская,0,фотокнига_фотокниги,для папы,0,онлайн в подарок,0,с подписями для фотографий,0,образцы дизайна для фото папы,0,0,Z/Москва/спб,оформление портретов с надписями и поздравлениями
купить,0,школьная,0,фотокнига_фотокниги,первый раз в первый класс,0,в интернете на заказ,0,для фотографий класса,0,примеры оформления для 1 класса,0,0,Z/Москва/спб,проекты для школы с готовыми подписями первоклашкам
сделать,0,подарочная,0,фотокнига_фотокниги,"до свидания, детский сад",0,своими руками,0,для фотографий детей,0,темы дизайна в детский садик,0,0,Z/Москва/спб,"подписи, стихи, для фото, подарочные коробки"
заказать,0,традиционная,0,фотокнига_фотокниги,для дочери,0,в интернете онлайн,0,для фото,0,изготовление на заказ для дочери,0,0,Z/Москва/спб,онлайн темы для оформления фотографий
оформить онлайн,0,Z,0,фотокнига_фотокниги,для сына,0,онлайн в интернете,0,в подарок с фотографиями,0,идеи оформления подарка для сына,0,0,Z/Москва/спб/Екатеринбург/Новосибирск,"пожелания, стихи , цитаты"
заказать,0,полиграфическая,0,фотокнига_фотокниги,для школы,0,бесплатно для распечатки,0,для осенних фото,0,полиграфическая печать,0,0,Z/Москва/спб/Екатеринбург/Новосибирск,школьные фотопроекты на тему осень
заказать,0,корпоративная,0,фотокнига_фотокниги,для работы,0,онлайн на заказ,0,для фото сотрудников,0,корпоративный стиль оформления,0,0,Z/Москва/спб/Екатеринбург/Новосибирск,"сборка коллажей, услуги дизайнера"
сделать,0,семейная,0,фотокнига_фотокниги,для мамы,0,онлайн,0,с местом для записей,0,варианты оформления для мамы,0,0,Z/Москва/спб/Екатеринбург/Новосибирск,"обложки с фотографиями, стикеры, подписи"